Match ID,Datetime,Map ID,User ID,Username,Mods,Score
113104530,2024-03-16 20:11:05+00:00,2873706,4830687,BoshyMan741,HDNF,328582
113104530,2024-03-16 20:11:05+00:00,2873706,12522447,Mejir0 McQueen,HDNF,431265
113104530,2024-03-16 20:11:05+00:00,2873706,8581210,LightsOut,HDNF,355015
113104530,2024-03-16 20:11:05+00:00,2873706,9265990,rng_,HDNF,724776
113104530,2024-03-16 20:11:05+00:00,2873706,8666950,DarkKarate,HDNF,361151
113104530,2024-03-16 20:11:05+00:00,2873706,7813296,hydrogen bomb,HDNF,699418
113104530,2024-03-16 20:11:05+00:00,2873706,10651106,Pezz,HDNF,393529
113104530,2024-03-16 20:11:05+00:00,2873706,4256461,Riot,HDNF,506401
113104530,2024-03-16 20:17:48+00:00,4302954,13065919,R1cho,DTNF,296764
113104530,2024-03-16 20:17:48+00:00,4302954,11307733,nemroz,DTNF,213184
113104530,2024-03-16 20:17:48+00:00,4302954,8581210,LightsOut,DTNF,318952
113104530,2024-03-16 20:17:48+00:00,4302954,9265990,rng_,DTNF,112155
113104530,2024-03-16 20:17:48+00:00,4302954,13214651,Talullah,DTNF,490811
113104530,2024-03-16 20:17:48+00:00,4302954,4256461,Riot,DTNF,1118729
113104530,2024-03-16 20:17:48+00:00,4302954,7813296,hydrogen bomb,DTNF,873075
113104530,2024-03-16 20:17:48+00:00,4302954,10651106,Pezz,DTNF,422740
113104530,2024-03-16 20:23:19+00:00,3654139,4830687,BoshyMan741,NF,913910
113104530,2024-03-16 20:23:19+00:00,3654139,12522447,Mejir0 McQueen,HDNF,521130
113104530,2024-03-16 20:23:19+00:00,3654139,8581210,LightsOut,HRNF,168147
113104530,2024-03-16 20:23:19+00:00,3654139,9265990,rng_,HDHRNF,122185
113104530,2024-03-16 20:23:19+00:00,3654139,7813296,hydrogen bomb,HRNF,1037037
113104530,2024-03-16 20:23:19+00:00,3654139,8666950,DarkKarate,HDHRNF,353691
113104530,2024-03-16 20:23:19+00:00,3654139,3149395,richp2k,HDNF,404063
113104530,2024-03-16 20:23:19+00:00,3654139,10792185,Rykaii,EZNF,487051
113104530,2024-03-16 20:38:58+00:00,3229058,4830687,BoshyMan741,HRNF,269233
113104530,2024-03-16 20:38:58+00:00,3229058,8581210,LightsOut,HRNF,447094
113104530,2024-03-16 20:38:58+00:00,3229058,12522447,Mejir0 McQueen,HDNF,279505
113104530,2024-03-16 20:38:58+00:00,3229058,9265990,rng_,HDNF,476226
113104530,2024-03-16 20:38:58+00:00,3229058,10651106,Pezz,HRNF,395912
113104530,2024-03-16 20:38:58+00:00,3229058,3149395,richp2k,HDNF,308700
113104530,2024-03-16 20:38:58+00:00,3229058,7813296,hydrogen bomb,HRNF,601319
113104530,2024-03-16 20:38:58+00:00,3229058,4256461,Riot,HRNF,458296
113104530,2024-03-16 20:43:35+00:00,3871738,4830687,BoshyMan741,HRNF,272370
113104530,2024-03-16 20:43:35+00:00,3871738,8581210,LightsOut,HRNF,168625
113104530,2024-03-16 20:43:35+00:00,3871738,12522447,Mejir0 McQueen,HRNF,192378
113104530,2024-03-16 20:43:35+00:00,3871738,9265990,rng_,HRNF,102439
113104530,2024-03-16 20:43:35+00:00,3871738,10651106,Pezz,HRNF,335747
113104530,2024-03-16 20:43:35+00:00,3871738,8666950,DarkKarate,HRNF,337679
113104530,2024-03-16 20:43:35+00:00,3871738,7813296,hydrogen bomb,HRNF,469210
113104530,2024-03-16 20:43:35+00:00,3871738,4256461,Riot,HRNF,311385
113104530,2024-03-16 20:49:29+00:00,4355904,4830687,BoshyMan741,NF,127477
113104530,2024-03-16 20:49:29+00:00,4355904,8581210,LightsOut,NF,135558
113104530,2024-03-16 20:49:29+00:00,4355904,12522447,Mejir0 McQueen,NF,374976
113104530,2024-03-16 20:49:29+00:00,4355904,9265990,rng_,NF,92036
113104530,2024-03-16 20:49:29+00:00,4355904,10651106,Pezz,NF,332551
113104530,2024-03-16 20:49:29+00:00,4355904,8666950,DarkKarate,NF,516372
113104530,2024-03-16 20:49:29+00:00,4355904,7813296,hydrogen bomb,NF,542124
113104530,2024-03-16 20:49:29+00:00,4355904,4256461,Riot,NF,477182
113122523,2024-03-17 22:25:02+00:00,3932485,3149577,Coreanmaluco,HRNF,415313
113122523,2024-03-17 22:25:02+00:00,3932485,4108547,WindowLife,HRNF,532704
113122523,2024-03-17 22:25:02+00:00,3932485,8208289,conradmittn,HRNF,288272
113122523,2024-03-17 22:25:02+00:00,3932485,13586618,taro,HRNF,372988
113122523,2024-03-17 22:25:02+00:00,3932485,10651106,Pezz,HRNF,403208
113122523,2024-03-17 22:25:02+00:00,3932485,4256461,Riot,HRNF,453443
113122523,2024-03-17 22:25:02+00:00,3932485,7813296,hydrogen bomb,HRNF,910659
113122523,2024-03-17 22:25:02+00:00,3932485,8666950,DarkKarate,HRNF,421145
113122523,2024-03-17 22:30:47+00:00,3440631,3149577,Coreanmaluco,NF,241700
113122523,2024-03-17 22:30:47+00:00,3440631,4108547,WindowLife,NF,287339
113122523,2024-03-17 22:30:47+00:00,3440631,8208289,conradmittn,NF,402319
113122523,2024-03-17 22:30:47+00:00,3440631,10051720,Saryi,NF,138250
113122523,2024-03-17 22:30:47+00:00,3440631,10651106,Pezz,NF,697252
113122523,2024-03-17 22:30:47+00:00,3440631,4256461,Riot,NF,186919
113122523,2024-03-17 22:30:47+00:00,3440631,13214651,Talullah,NF,302176
113122523,2024-03-17 22:30:47+00:00,3440631,7813296,hydrogen bomb,NF,460064
113122523,2024-03-17 22:35:26+00:00,4267100,8880920,ruyu,HDNF,366785
113122523,2024-03-17 22:35:26+00:00,4267100,12260184,-Koda,HDNF,289820
113122523,2024-03-17 22:35:26+00:00,4267100,8208289,conradmittn,HDNF,406151
113122523,2024-03-17 22:35:26+00:00,4267100,10051720,Saryi,HDNF,288793
113122523,2024-03-17 22:35:26+00:00,4267100,3149395,richp2k,HDNF,339332
113122523,2024-03-17 22:35:26+00:00,4267100,7813296,hydrogen bomb,HDNF,471016
113122523,2024-03-17 22:35:26+00:00,4267100,8666950,DarkKarate,HDNF,231807
113122523,2024-03-17 22:35:26+00:00,4267100,4256461,Riot,HDNF,353638
113122523,2024-03-17 22:42:34+00:00,3871738,4108547,WindowLife,HRNF,433179
113122523,2024-03-17 22:42:34+00:00,3871738,3149577,Coreanmaluco,HRNF,616935
113122523,2024-03-17 22:42:34+00:00,3871738,13586618,taro,HRNF,214516
113122523,2024-03-17 22:42:34+00:00,3871738,10051720,Saryi,HRNF,280467
113122523,2024-03-17 22:42:34+00:00,3871738,7813296,hydrogen bomb,HRNF,420645
113122523,2024-03-17 22:42:34+00:00,3871738,8666950,DarkKarate,HRNF,354122
113122523,2024-03-17 22:42:34+00:00,3871738,4256461,Riot,HRNF,363167
113122523,2024-03-17 22:42:34+00:00,3871738,10651106,Pezz,HRNF,342891
113122523,2024-03-17 22:48:18+00:00,2482117,4108547,WindowLife,NF,901966
113122523,2024-03-17 22:48:18+00:00,2482117,3149577,Coreanmaluco,HDNF,364929
113122523,2024-03-17 22:48:18+00:00,2482117,13586618,taro,HRNF,367132
113122523,2024-03-17 22:48:18+00:00,2482117,11267857,Jimarrah,HDHRNF,94272
113122523,2024-03-17 22:48:18+00:00,2482117,4256461,Riot,HDHRNF,111793
113122523,2024-03-17 22:48:18+00:00,2482117,7813296,hydrogen bomb,HRNF,802370
113122523,2024-03-17 22:48:18+00:00,2482117,13214651,Talullah,NF,878850
113122523,2024-03-17 22:48:18+00:00,2482117,10651106,Pezz,HDNF,130941
113122523,2024-03-17 22:55:33+00:00,3654139,8880920,ruyu,HDNF,366112
113122523,2024-03-17 22:55:33+00:00,3654139,3149577,Coreanmaluco,HRNF,346158
113122523,2024-03-17 22:55:33+00:00,3654139,8208289,conradmittn,NF,554537
113122523,2024-03-17 22:55:33+00:00,3654139,10051720,Saryi,HDHRNF,479262
113122523,2024-03-17 22:55:33+00:00,3654139,8666950,DarkKarate,HDHRNF,469511
113122523,2024-03-17 22:55:33+00:00,3654139,7813296,hydrogen bomb,HRNF,1042536
113122523,2024-03-17 22:55:33+00:00,3654139,3149395,richp2k,HDNF,272183
113122523,2024-03-17 22:55:33+00:00,3654139,10792185,Rykaii,EZNF,430398
113122523,2024-03-17 22:04:54+00:00,4113449,4108547,WindowLife,NF,508427
113122523,2024-03-17 22:04:54+00:00,4113449,3149577,Coreanmaluco,NF,372652
113122523,2024-03-17 22:04:54+00:00,4113449,11267857,Jimarrah,NF,304768
113122523,2024-03-17 22:04:54+00:00,4113449,13586618,taro,NF,410926
113122523,2024-03-17 22:04:54+00:00,4113449,10651106,Pezz,NF,382656
113122523,2024-03-17 22:04:54+00:00,4113449,8666950,DarkKarate,NF,348998
113122523,2024-03-17 22:04:54+00:00,4113449,12609022,Sdot,NF,288751
113122523,2024-03-17 22:04:54+00:00,4113449,7813296,hydrogen bomb,NF,491505
113122523,2024-03-17 22:12:46+00:00,4355904,10051720,Saryi,NF,318263
113122523,2024-03-17 22:12:46+00:00,4355904,3149577,Coreanmaluco,NF,384437
113122523,2024-03-17 22:12:46+00:00,4355904,8208289,conradmittn,NF,302144
113122523,2024-03-17 22:12:46+00:00,4355904,4108547,WindowLife,NF,550508
113122523,2024-03-17 22:12:46+00:00,4355904,10651106,Pezz,NF,403339
113122523,2024-03-17 22:12:46+00:00,4355904,8666950,DarkKarate,NF,189215
113122523,2024-03-17 22:12:46+00:00,4355904,4256461,Riot,NF,391053
113122523,2024-03-17 22:12:46+00:00,4355904,7813296,hydrogen bomb,NF,576628
113122523,2024-03-17 22:18:43+00:00,4322847,3149577,Coreanmaluco,NF,579545
113122523,2024-03-17 22:18:43+00:00,4322847,4108547,WindowLife,NF,368382
113122523,2024-03-17 22:18:43+00:00,4322847,8208289,conradmittn,NF,377299
113122523,2024-03-17 22:18:43+00:00,4322847,13586618,taro,NF,255967
113122523,2024-03-17 22:18:43+00:00,4322847,10651106,Pezz,NF,636171
113122523,2024-03-17 22:18:43+00:00,4322847,4256461,Riot,NF,363241
113122523,2024-03-17 22:18:43+00:00,4322847,12609022,Sdot,NF,229576
113122523,2024-03-17 22:18:43+00:00,4322847,7813296,hydrogen bomb,NF,556571
113123198,2024-03-18 00:05:29+00:00,2482117,4256461,Riot,HDHRNF,130831
113123198,2024-03-18 00:05:29+00:00,2482117,10651106,Pezz,HDNF,201916
113123198,2024-03-18 00:05:29+00:00,2482117,7813296,hydrogen bomb,HRNF,1026502
113123198,2024-03-18 00:05:29+00:00,2482117,13214651,Talullah,NF,867729
113123198,2024-03-18 00:05:29+00:00,2482117,4108547,WindowLife,NF,818618
113123198,2024-03-18 00:05:29+00:00,2482117,13586618,taro,HRNF,463345
113123198,2024-03-18 00:05:29+00:00,2482117,3149577,Coreanmaluco,HDHRNF,164559
113123198,2024-03-18 00:05:29+00:00,2482117,11267857,Jimarrah,HDNF,247343
113123198,2024-03-18 00:12:52+00:00,4302954,4256461,Riot,DTNF,621299
113123198,2024-03-18 00:12:52+00:00,4302954,10651106,Pezz,DTNF,481999
113123198,2024-03-18 00:12:52+00:00,4302954,7813296,hydrogen bomb,DTNF,882010
113123198,2024-03-18 00:12:52+00:00,4302954,13214651,Talullah,DTNF,586527
113123198,2024-03-18 00:12:52+00:00,4302954,4108547,WindowLife,DTNF,1141001
113123198,2024-03-18 00:12:52+00:00,4302954,13586618,taro,DTNF,395705
113123198,2024-03-18 00:12:52+00:00,4302954,3149577,Coreanmaluco,DTNF,1107208
113123198,2024-03-18 00:12:52+00:00,4302954,11267857,Jimarrah,DTNF,484089
113123198,2024-03-18 00:18:58+00:00,4355904,7813296,hydrogen bomb,NF,633843
113123198,2024-03-18 00:18:58+00:00,4355904,10651106,Pezz,NF,401846
113123198,2024-03-18 00:18:58+00:00,4355904,4256461,Riot,NF,407700
113123198,2024-03-18 00:18:58+00:00,4355904,8666950,DarkKarate,NF,301483
113123198,2024-03-18 00:18:58+00:00,4355904,4108547,WindowLife,NF,519586
113123198,2024-03-18 00:18:58+00:00,4355904,8208289,conradmittn,NF,366078
113123198,2024-03-18 00:18:58+00:00,4355904,3149577,Coreanmaluco,NF,590234
113123198,2024-03-18 00:18:58+00:00,4355904,10051720,Saryi,NF,300750
113123198,2024-03-18 00:25:03+00:00,3871738,7813296,hydrogen bomb,HRNF,486229
113123198,2024-03-18 00:25:03+00:00,3871738,10651106,Pezz,HRNF,483852
113123198,2024-03-18 00:25:03+00:00,3871738,4256461,Riot,HRNF,243074
113123198,2024-03-18 00:25:03+00:00,3871738,8666950,DarkKarate,HRNF,307701
113123198,2024-03-18 00:25:03+00:00,3871738,8208289,conradmittn,HRNF,450406
113123198,2024-03-18 00:25:03+00:00,3871738,10051720,Saryi,HRNF,229877
113123198,2024-03-18 00:25:03+00:00,3871738,3149577,Coreanmaluco,HRNF,357845
113123198,2024-03-18 00:25:03+00:00,3871738,4108547,WindowLife,HRNF,394562
113123198,2024-03-18 00:31:37+00:00,3682842,10651106,Pezz,DTNF,740591
113123198,2024-03-18 00:31:37+00:00,3682842,4256461,Riot,DTNF,395245
113123198,2024-03-18 00:31:37+00:00,3682842,7813296,hydrogen bomb,DTNF,1140370
113123198,2024-03-18 00:31:37+00:00,3682842,13214651,Talullah,DTNF,298689
113123198,2024-03-18 00:31:37+00:00,3682842,8208289,conradmittn,DTNF,475788
113123198,2024-03-18 00:31:37+00:00,3682842,10051720,Saryi,DTNF,492225
113123198,2024-03-18 00:31:37+00:00,3682842,3149577,Coreanmaluco,DTNF,630684
113123198,2024-03-18 00:31:37+00:00,3682842,4108547,WindowLife,DTNF,589733
113123198,2024-03-18 00:38:51+00:00,4284879,13214651,Talullah,NF,229020
113123198,2024-03-18 00:38:51+00:00,4284879,4256461,Riot,NF,278243
113123198,2024-03-18 00:38:51+00:00,4284879,7813296,hydrogen bomb,NF,468840
113123198,2024-03-18 00:38:51+00:00,4284879,10651106,Pezz,NF,314143
113123198,2024-03-18 00:38:51+00:00,4284879,4108547,WindowLife,NF,297480
113123198,2024-03-18 00:38:51+00:00,4284879,3149577,Coreanmaluco,NF,255940
113123198,2024-03-18 00:38:51+00:00,4284879,13586618,taro,NF,206803
113123198,2024-03-18 00:38:51+00:00,4284879,8880920,ruyu,HDNF,200509
113123198,2024-03-17 23:27:51+00:00,2873706,4256461,Riot,HDNF,621515
113123198,2024-03-17 23:27:51+00:00,2873706,7813296,hydrogen bomb,HDNF,599973
113123198,2024-03-17 23:27:51+00:00,2873706,8666950,DarkKarate,HDNF,322852
113123198,2024-03-17 23:27:51+00:00,2873706,10651106,Pezz,HDNF,489419
113123198,2024-03-17 23:27:51+00:00,2873706,8880920,ruyu,HDNF,453381
113123198,2024-03-17 23:27:51+00:00,2873706,4108547,WindowLife,HDNF,654332
113123198,2024-03-17 23:27:51+00:00,2873706,3149577,Coreanmaluco,HDNF,509932
113123198,2024-03-17 23:27:51+00:00,2873706,11267857,Jimarrah,HDNF,449322
113123198,2024-03-17 23:33:37+00:00,4322847,4256461,Riot,NF,282194
113123198,2024-03-17 23:33:37+00:00,4322847,7813296,hydrogen bomb,NF,660072
113123198,2024-03-17 23:33:37+00:00,4322847,12609022,Sdot,NF,360009
113123198,2024-03-17 23:33:37+00:00,4322847,10651106,Pezz,NF,363153
113123198,2024-03-17 23:33:37+00:00,4322847,4108547,WindowLife,NF,434298
113123198,2024-03-17 23:33:37+00:00,4322847,8208289,conradmittn,NF,301473
113123198,2024-03-17 23:33:37+00:00,4322847,3149577,Coreanmaluco,NF,578258
113123198,2024-03-17 23:33:37+00:00,4322847,11267857,Jimarrah,NF,273013
113123198,2024-03-17 23:39:00+00:00,3209300,10651106,Pezz,HDNF,364889
113123198,2024-03-17 23:39:00+00:00,3209300,4256461,Riot,HDNF,386714
113123198,2024-03-17 23:39:00+00:00,3209300,3149395,richp2k,HDNF,287552
113123198,2024-03-17 23:39:00+00:00,3209300,7813296,hydrogen bomb,HDNF,645640
113123198,2024-03-17 23:39:00+00:00,3209300,3149577,Coreanmaluco,HDNF,246857
113123198,2024-03-17 23:39:00+00:00,3209300,8208289,conradmittn,HDNF,813887
113123198,2024-03-17 23:39:00+00:00,3209300,10051720,Saryi,HDNF,679630
113123198,2024-03-17 23:39:00+00:00,3209300,8880920,ruyu,HDNF,500505
113123198,2024-03-17 23:44:29+00:00,3932485,10651106,Pezz,HRNF,409622
113123198,2024-03-17 23:44:29+00:00,3932485,4256461,Riot,HRNF,559485
113123198,2024-03-17 23:44:29+00:00,3932485,7813296,hydrogen bomb,HRNF,655622
113123198,2024-03-17 23:44:29+00:00,3932485,8666950,DarkKarate,HRNF,529052
113123198,2024-03-17 23:44:29+00:00,3932485,3149577,Coreanmaluco,HRNF,447388
113123198,2024-03-17 23:44:29+00:00,3932485,10051720,Saryi,HRNF,321108
113123198,2024-03-17 23:44:29+00:00,3932485,4108547,WindowLife,HRNF,430225
113123198,2024-03-17 23:44:29+00:00,3932485,13586618,taro,HRNF,469411
113123198,2024-03-17 23:50:14+00:00,3465034,10651106,Pezz,NF,508189
113123198,2024-03-17 23:50:14+00:00,3465034,7813296,hydrogen bomb,NF,664489
113123198,2024-03-17 23:50:14+00:00,3465034,4256461,Riot,NF,392588
113123198,2024-03-17 23:50:14+00:00,3465034,13214651,Talullah,NF,429556
113123198,2024-03-17 23:50:14+00:00,3465034,3149577,Coreanmaluco,NF,803171
113123198,2024-03-17 23:50:14+00:00,3465034,4108547,WindowLife,NF,580210
113123198,2024-03-17 23:50:14+00:00,3465034,11267857,Jimarrah,NF,393009
113123198,2024-03-17 23:50:14+00:00,3465034,13586618,taro,NF,645370
113123198,2024-03-17 23:58:49+00:00,3229058,10651106,Pezz,HRNF,471080
113123198,2024-03-17 23:58:49+00:00,3229058,3149395,richp2k,HDNF,298370
113123198,2024-03-17 23:58:49+00:00,3229058,4256461,Riot,HRNF,339523
113123198,2024-03-17 23:58:49+00:00,3229058,7813296,hydrogen bomb,HRNF,644048
113123198,2024-03-17 23:58:49+00:00,3229058,3149577,Coreanmaluco,HRNF,429787
113123198,2024-03-17 23:58:49+00:00,3229058,8208289,conradmittn,HDNF,441250
113123198,2024-03-17 23:58:49+00:00,3229058,8880920,ruyu,HDNF,462213
113123198,2024-03-17 23:58:49+00:00,3229058,4108547,WindowLife,HRNF,396496
113123198,2024-03-17 23:21:25+00:00,2833858,4256461,Riot,DTNF,566650
113123198,2024-03-17 23:21:25+00:00,2833858,7813296,hydrogen bomb,DTNF,817332
113123198,2024-03-17 23:21:25+00:00,2833858,13214651,Talullah,DTNF,392859
113123198,2024-03-17 23:21:25+00:00,2833858,10651106,Pezz,DTNF,481058
113123198,2024-03-17 23:21:25+00:00,2833858,4108547,WindowLife,DTNF,520902
113123198,2024-03-17 23:21:25+00:00,2833858,3149577,Coreanmaluco,DTNF,772248
113123198,2024-03-17 23:21:25+00:00,2833858,13586618,taro,DTNF,612704
113123198,2024-03-17 23:21:25+00:00,2833858,11267857,Jimarrah,DTNF,467699
112996405,2024-03-09 06:09:03+00:00,3647284,9501251,ChillierPear,HRNF,432484
112996405,2024-03-09 06:09:03+00:00,3647284,6304246,RyuK,HRNF,460259
112996405,2024-03-09 06:09:03+00:00,3647284,9276293,EzChock,HRNF,466993
112996405,2024-03-09 06:09:03+00:00,3647284,7611178,coughing baby,HRNF,491520
112996405,2024-03-09 06:09:03+00:00,3647284,4415285,El Condor Pasa,HRNF,502900
112996405,2024-03-09 06:09:03+00:00,3647284,12796317,oPixay,HRNF,689807
112996405,2024-03-09 06:09:03+00:00,3647284,5339515,Mathi,HRNF,346870
112996405,2024-03-09 06:09:03+00:00,3647284,2590257,wudci,HRNF,397878
112996405,2024-03-09 06:15:40+00:00,3353695,9276293,EzChock,NF,422425
112996405,2024-03-09 06:15:40+00:00,3353695,9501251,ChillierPear,NF,285745
112996405,2024-03-09 06:15:40+00:00,3353695,6304246,RyuK,NF,427268
112996405,2024-03-09 06:15:40+00:00,3353695,6283858,tan-,NF,415334
112996405,2024-03-09 06:15:40+00:00,3353695,5425046,Vespirit,NF,337445
112996405,2024-03-09 06:15:40+00:00,3353695,5477343,kurtis-,NF,455878
112996405,2024-03-09 06:15:40+00:00,3353695,5339515,Mathi,NF,969749
112996405,2024-03-09 06:15:40+00:00,3353695,2590257,wudci,NF,365562
112996405,2024-03-09 06:24:45+00:00,3659002,7611178,coughing baby,NF,386980
112996405,2024-03-09 06:24:45+00:00,3659002,9501251,ChillierPear,NF,394706
112996405,2024-03-09 06:24:45+00:00,3659002,9276293,EzChock,NF,345027
112996405,2024-03-09 06:24:45+00:00,3659002,6304246,RyuK,NF,368976
112996405,2024-03-09 06:24:45+00:00,3659002,10634348,EthantrixV2,NF,268083
112996405,2024-03-09 06:24:45+00:00,3659002,12796317,oPixay,NF,462795
112996405,2024-03-09 06:24:45+00:00,3659002,5339515,Mathi,NF,418092
112996405,2024-03-09 06:24:45+00:00,3659002,2590257,wudci,NF,351994
112996405,2024-03-09 06:33:24+00:00,3216819,7611178,coughing baby,HDNF,308976
112996405,2024-03-09 06:33:24+00:00,3216819,6304246,RyuK,HDNF,390428
112996405,2024-03-09 06:33:24+00:00,3216819,12434652,Gonzah,HDNF,323908
112996405,2024-03-09 06:33:24+00:00,3216819,3792472,Woey,HDNF,398760
112996405,2024-03-09 06:33:24+00:00,3216819,10634348,EthantrixV2,HDNF,280369
112996405,2024-03-09 06:33:24+00:00,3216819,12796317,oPixay,HDNF,415897
112996405,2024-03-09 06:33:24+00:00,3216819,5339515,Mathi,HDNF,927461
112996405,2024-03-09 06:33:24+00:00,3216819,3737401,neuro,HDNF,300973
112996405,2024-03-09 06:40:45+00:00,2159251,3792472,Woey,NF,309170
112996405,2024-03-09 06:40:45+00:00,2159251,9501251,ChillierPear,NF,396497
112996405,2024-03-09 06:40:45+00:00,2159251,6304246,RyuK,NF,484300
112996405,2024-03-09 06:40:45+00:00,2159251,12434652,Gonzah,NF,278310
112996405,2024-03-09 06:40:45+00:00,2159251,4415285,El Condor Pasa,NF,291939
112996405,2024-03-09 06:40:45+00:00,2159251,12796317,oPixay,NF,455476
112996405,2024-03-09 06:40:45+00:00,2159251,5339515,Mathi,NF,389026
112996405,2024-03-09 06:40:45+00:00,2159251,2590257,wudci,NF,371759
112996405,2024-03-09 05:25:07+00:00,3775432,12434652,Gonzah,HDNF,348065
112996405,2024-03-09 05:25:07+00:00,3775432,3792472,Woey,HDNF,435587
112996405,2024-03-09 05:25:07+00:00,3775432,6304246,RyuK,HDNF,491186
112996405,2024-03-09 05:25:07+00:00,3775432,15173952,BATBALL,HDNF,442487
112996405,2024-03-09 05:25:07+00:00,3775432,10634348,EthantrixV2,HDNF,479712
112996405,2024-03-09 05:25:07+00:00,3775432,5339515,Mathi,HDNF,472225
112996405,2024-03-09 05:25:07+00:00,3775432,12796317,oPixay,HDNF,466701
112996405,2024-03-09 05:25:07+00:00,3775432,4415285,El Condor Pasa,HDNF,336590
112996405,2024-03-09 05:31:43+00:00,4241261,12434652,Gonzah,DTNF,483953
112996405,2024-03-09 05:31:43+00:00,4241261,7611178,coughing baby,DTNF,405520
112996405,2024-03-09 05:31:43+00:00,4241261,6304246,RyuK,DTNF,798083
112996405,2024-03-09 05:31:43+00:00,4241261,15173952,BATBALL,DTNF,677005
112996405,2024-03-09 05:31:43+00:00,4241261,5477343,kurtis-,DTNF,550890
112996405,2024-03-09 05:31:43+00:00,4241261,4415285,El Condor Pasa,DTNF,431471
112996405,2024-03-09 05:31:43+00:00,4241261,5339515,Mathi,DTNF,639746
112996405,2024-03-09 05:31:43+00:00,4241261,2590257,wudci,DTNF,583880
112996405,2024-03-09 05:38:23+00:00,2096611,15173952,BATBALL,NF,485417
112996405,2024-03-09 05:38:23+00:00,2096611,3792472,Woey,HDNF,518115
112996405,2024-03-09 05:38:23+00:00,2096611,6304246,RyuK,HDHRNF,660180
112996405,2024-03-09 05:38:23+00:00,2096611,9501251,ChillierPear,HRNF,672420
112996405,2024-03-09 05:38:23+00:00,2096611,10634348,EthantrixV2,HDNF,461997
112996405,2024-03-09 05:38:23+00:00,2096611,5425046,Vespirit,HDNF,391597
112996405,2024-03-09 05:38:23+00:00,2096611,5339515,Mathi,HRNF,360072
112996405,2024-03-09 05:38:23+00:00,2096611,3737401,neuro,HRNF,417483
112996405,2024-03-09 05:45:03+00:00,3499390,7611178,coughing baby,NF,524910
112996405,2024-03-09 05:45:03+00:00,3499390,6304246,RyuK,NF,927562
112996405,2024-03-09 05:45:03+00:00,3499390,9276293,EzChock,NF,576454
112996405,2024-03-09 05:45:03+00:00,3499390,15173952,BATBALL,NF,564520
112996405,2024-03-09 05:45:03+00:00,3499390,12796317,oPixay,NF,643456
112996405,2024-03-09 05:45:03+00:00,3499390,4415285,El Condor Pasa,NF,398448
112996405,2024-03-09 05:45:03+00:00,3499390,5339515,Mathi,NF,436207
112996405,2024-03-09 05:45:03+00:00,3499390,2590257,wudci,NF,550861
112996405,2024-03-09 05:51:32+00:00,2332655,7611178,coughing baby,HRNF,368716
112996405,2024-03-09 05:51:32+00:00,2332655,6304246,RyuK,HRNF,517022
112996405,2024-03-09 05:51:32+00:00,2332655,9501251,ChillierPear,HRNF,501606
112996405,2024-03-09 05:51:32+00:00,2332655,3792472,Woey,HRNF,398539
112996405,2024-03-09 05:51:32+00:00,2332655,4415285,El Condor Pasa,HRNF,367348
112996405,2024-03-09 05:51:32+00:00,2332655,3737401,neuro,HRNF,426753
112996405,2024-03-09 05:51:32+00:00,2332655,5339515,Mathi,HRNF,236195
112996405,2024-03-09 05:51:32+00:00,2332655,2590257,wudci,HRNF,317122
112996405,2024-03-09 05:12:55+00:00,2120117,12434652,Gonzah,NF,362767
112996405,2024-03-09 05:12:55+00:00,2120117,3792472,Woey,NF,622086
112996405,2024-03-09 05:12:55+00:00,2120117,6304246,RyuK,NF,348690
112996405,2024-03-09 05:12:55+00:00,2120117,15173952,BATBALL,NF,516299
112996405,2024-03-09 05:12:55+00:00,2120117,5425046,Vespirit,NF,154825
112996405,2024-03-09 05:12:55+00:00,2120117,10634348,EthantrixV2,NF,515957
112996405,2024-03-09 05:12:55+00:00,2120117,3737401,neuro,NF,346085
112996405,2024-03-09 05:12:55+00:00,2120117,2590257,wudci,NF,354478
112996405,2024-03-09 05:18:34+00:00,96587,12434652,Gonzah,DTNF,605843
112996405,2024-03-09 05:18:34+00:00,96587,6283858,tan-,DTNF,548216
112996405,2024-03-09 05:18:34+00:00,96587,6304246,RyuK,DTNF,735090
112996405,2024-03-09 05:18:34+00:00,96587,15173952,BATBALL,DTNF,819647
112996405,2024-03-09 05:18:34+00:00,96587,5425046,Vespirit,DTNF,589289
112996405,2024-03-09 05:18:34+00:00,96587,5339515,Mathi,DTNF,702386
112996405,2024-03-09 05:18:34+00:00,96587,5477343,kurtis-,DTNF,681127
112996405,2024-03-09 05:18:34+00:00,96587,2590257,wudci,DTNF,1115103
113006237,2024-03-09 19:05:27+00:00,3647284,7701428,Eunha,HRNF,509055
113006237,2024-03-09 19:05:27+00:00,3647284,3328742,Trail Mix,HRNF,456770
113006237,2024-03-09 19:05:27+00:00,3647284,2291265,[MG]Arnold24x24,HRNF,402945
113006237,2024-03-09 19:05:27+00:00,3647284,8802914,-Arko,HRNF,591004
113006237,2024-03-09 19:05:27+00:00,3647284,10651106,Pezz,HRNF,414662
113006237,2024-03-09 19:05:27+00:00,3647284,8666950,DarkKarate,HRNF,384049
113006237,2024-03-09 19:05:27+00:00,3647284,7813296,hydrogen bomb,HRNF,466320
113006237,2024-03-09 19:05:27+00:00,3647284,4256461,Riot,HRNF,404898
113006237,2024-03-09 19:12:07+00:00,4238281,2848604,toybot,HDNF,939488
113006237,2024-03-09 19:12:07+00:00,4238281,3328742,Trail Mix,HDHRNF,488097
113006237,2024-03-09 19:12:07+00:00,4238281,8802914,-Arko,HRNF,431911
113006237,2024-03-09 19:12:07+00:00,4238281,2291265,[MG]Arnold24x24,HDNF,596507
113006237,2024-03-09 19:12:07+00:00,4238281,10651106,Pezz,HRNF,1042183
113006237,2024-03-09 19:12:07+00:00,4238281,3149395,richp2k,HDNF,467573
113006237,2024-03-09 19:12:07+00:00,4238281,8666950,DarkKarate,HDHRNF,417503
113006237,2024-03-09 19:12:07+00:00,4238281,7813296,hydrogen bomb,HRNF,951073
113006237,2024-03-09 19:18:22+00:00,3880936,7701428,Eunha,HRNF,311030
113006237,2024-03-09 19:18:22+00:00,3880936,2291265,[MG]Arnold24x24,HDNF,631247
113006237,2024-03-09 19:18:22+00:00,3880936,8802914,-Arko,NF,478389
113006237,2024-03-09 19:18:22+00:00,3880936,3328742,Trail Mix,HDHRNF,401783
113006237,2024-03-09 19:18:22+00:00,3880936,10651106,Pezz,HRNF,479882
113006237,2024-03-09 19:18:22+00:00,3880936,13214651,Talullah,HDNF,401498
113006237,2024-03-09 19:18:22+00:00,3880936,4256461,Riot,HRNF,567016
113006237,2024-03-09 19:18:22+00:00,3880936,7813296,hydrogen bomb,HRNF,883500
113006237,2024-03-09 19:24:27+00:00,3772455,2291265,[MG]Arnold24x24,NF,482347
113006237,2024-03-09 19:24:27+00:00,3772455,3328742,Trail Mix,NF,367270
113006237,2024-03-09 19:24:27+00:00,3772455,9993348,ur cute,NF,458286
113006237,2024-03-09 19:24:27+00:00,3772455,7701428,Eunha,NF,285788
113006237,2024-03-09 19:24:27+00:00,3772455,10651106,Pezz,NF,614345
113006237,2024-03-09 19:24:27+00:00,3772455,8666950,DarkKarate,NF,410818
113006237,2024-03-09 19:24:27+00:00,3772455,4256461,Riot,NF,597728
113006237,2024-03-09 19:24:27+00:00,3772455,7813296,hydrogen bomb,NF,422208
113006237,2024-03-09 19:31:33+00:00,3911471,2291265,[MG]Arnold24x24,DTNF,531985
113006237,2024-03-09 19:31:33+00:00,3911471,7701428,Eunha,DTNF,526683
113006237,2024-03-09 19:31:33+00:00,3911471,6303313,Mathyu,DTNF,565135
113006237,2024-03-09 19:31:33+00:00,3911471,8802914,-Arko,DTNF,494758
113006237,2024-03-09 19:31:33+00:00,3911471,10651106,Pezz,DTNF,563373
113006237,2024-03-09 19:31:33+00:00,3911471,13214651,Talullah,DTNF,360791
113006237,2024-03-09 19:31:33+00:00,3911471,4256461,Riot,DTNF,530398
113006237,2024-03-09 19:31:33+00:00,3911471,7813296,hydrogen bomb,DTNF,950719
113006237,2024-03-09 18:38:13+00:00,3659002,7701428,Eunha,NF,294706
113006237,2024-03-09 18:38:13+00:00,3659002,9993348,ur cute,NF,591829
113006237,2024-03-09 18:38:13+00:00,3659002,3328742,Trail Mix,NF,337795
113006237,2024-03-09 18:38:13+00:00,3659002,8802914,-Arko,NF,335861
113006237,2024-03-09 18:38:13+00:00,3659002,10651106,Pezz,NF,449746
113006237,2024-03-09 18:38:13+00:00,3659002,12609022,Sdot,NF,394191
113006237,2024-03-09 18:38:13+00:00,3659002,4256461,Riot,NF,329832
113006237,2024-03-09 18:38:13+00:00,3659002,8666950,DarkKarate,NF,417179
113006237,2024-03-09 18:46:26+00:00,3775432,2291265,[MG]Arnold24x24,HDNF,466036
113006237,2024-03-09 18:46:26+00:00,3775432,9993348,ur cute,HDNF,462923
113006237,2024-03-09 18:46:26+00:00,3775432,3328742,Trail Mix,HDNF,327920
113006237,2024-03-09 18:46:26+00:00,3775432,2848604,toybot,HDNF,399436
113006237,2024-03-09 18:46:26+00:00,3775432,3149395,richp2k,HDNF,342140
113006237,2024-03-09 18:46:26+00:00,3775432,8666950,DarkKarate,HDNF,444668
113006237,2024-03-09 18:46:26+00:00,3775432,7813296,hydrogen bomb,HDNF,431897
113006237,2024-03-09 18:46:26+00:00,3775432,13214651,Talullah,HDNF,330156
113006237,2024-03-09 18:52:54+00:00,2096611,6303313,Mathyu,HDNF,439543
113006237,2024-03-09 18:52:54+00:00,2096611,7701428,Eunha,HRNF,452496
113006237,2024-03-09 18:52:54+00:00,2096611,3328742,Trail Mix,HDHRNF,530127
113006237,2024-03-09 18:52:54+00:00,2096611,2291265,[MG]Arnold24x24,HDNF,301503
113006237,2024-03-09 18:52:54+00:00,2096611,7813296,hydrogen bomb,HRNF,524285
113006237,2024-03-09 18:52:54+00:00,2096611,3149395,richp2k,HDNF,493872
113006237,2024-03-09 18:52:54+00:00,2096611,8666950,DarkKarate,HDHRNF,709373
113006237,2024-03-09 18:52:54+00:00,2096611,10651106,Pezz,HRNF,467557
113006237,2024-03-09 18:58:59+00:00,96587,7701428,Eunha,DTNF,486458
113006237,2024-03-09 18:58:59+00:00,96587,3328742,Trail Mix,DTNF,676722
113006237,2024-03-09 18:58:59+00:00,96587,9993348,ur cute,DTNF,535724
113006237,2024-03-09 18:58:59+00:00,96587,2291265,[MG]Arnold24x24,DTNF,926888
113006237,2024-03-09 18:58:59+00:00,96587,13214651,Talullah,DTNF,593767
113006237,2024-03-09 18:58:59+00:00,96587,10651106,Pezz,DTNF,738893
113006237,2024-03-09 18:58:59+00:00,96587,4256461,Riot,DTNF,1008914
113006237,2024-03-09 18:58:59+00:00,96587,7813296,hydrogen bomb,DTNF,475220
113026360,2024-03-10 22:35:59+00:00,3880946,5425046,Vespirit,NF,341986
113026360,2024-03-10 22:35:59+00:00,3880946,5477343,kurtis-,NF,468417
113026360,2024-03-10 22:35:59+00:00,3880946,4415285,El Condor Pasa,NF,381593
113026360,2024-03-10 22:35:59+00:00,3880946,5339515,Mathi,NF,627908
113026360,2024-03-10 22:35:59+00:00,3880946,10651106,Pezz,NF,374237
113026360,2024-03-10 22:35:59+00:00,3880946,7813296,hydrogen bomb,NF,431831
113026360,2024-03-10 22:35:59+00:00,3880946,4256461,Riot,NF,392201
113026360,2024-03-10 22:35:59+00:00,3880946,13214651,Talullah,NF,205832
113026360,2024-03-10 22:44:26+00:00,96587,5425046,Vespirit,DTNF,678686
113026360,2024-03-10 22:44:26+00:00,96587,4415285,El Condor Pasa,DTNF,344107
113026360,2024-03-10 22:44:26+00:00,96587,5477343,kurtis-,DTNF,965131
113026360,2024-03-10 22:44:26+00:00,96587,5339515,Mathi,DTNF,943608
113026360,2024-03-10 22:44:26+00:00,96587,7813296,hydrogen bomb,DTNF,720156
113026360,2024-03-10 22:44:26+00:00,96587,4256461,Riot,DTNF,1051019
113026360,2024-03-10 22:44:26+00:00,96587,10651106,Pezz,DTNF,552033
113026360,2024-03-10 22:44:26+00:00,96587,13214651,Talullah,DTNF,547000
113026360,2024-03-10 22:50:28+00:00,3216819,12796317,oPixay,HDNF,1022348
113026360,2024-03-10 22:50:28+00:00,3216819,10634348,EthantrixV2,HDNF,223010
113026360,2024-03-10 22:50:28+00:00,3216819,3737401,neuro,HDNF,322457
113026360,2024-03-10 22:50:28+00:00,3216819,5339515,Mathi,HDNF,435794
113026360,2024-03-10 22:50:28+00:00,3216819,3149395,richp2k,HDNF,310905
113026360,2024-03-10 22:50:28+00:00,3216819,7813296,hydrogen bomb,HDNF,435242
113026360,2024-03-10 22:50:28+00:00,3216819,8666950,DarkKarate,HDNF,365715
113026360,2024-03-10 22:50:28+00:00,3216819,4256461,Riot,HDNF,407352
113026360,2024-03-10 22:58:53+00:00,4149605,5477343,kurtis-,DTNF,326733
113026360,2024-03-10 22:58:53+00:00,4149605,12796317,oPixay,DTNF,346308
113026360,2024-03-10 22:58:53+00:00,4149605,4415285,El Condor Pasa,DTNF,323141
113026360,2024-03-10 22:58:53+00:00,4149605,5339515,Mathi,DTNF,678417
113026360,2024-03-10 22:58:53+00:00,4149605,13214651,Talullah,DTNF,353059
113026360,2024-03-10 22:58:53+00:00,4149605,7813296,hydrogen bomb,DTNF,1131627
113026360,2024-03-10 22:58:53+00:00,4149605,10651106,Pezz,DTNF,723973
113026360,2024-03-10 22:58:53+00:00,4149605,4256461,Riot,DTNF,612197
113026360,2024-03-10 23:05:09+00:00,3499390,4415285,El Condor Pasa,NF,369010
113026360,2024-03-10 23:05:09+00:00,3499390,12796317,oPixay,NF,724125
113026360,2024-03-10 23:05:09+00:00,3499390,3737401,neuro,NF,487255
113026360,2024-03-10 23:05:09+00:00,3499390,5339515,Mathi,NF,409260
113026360,2024-03-10 23:05:09+00:00,3499390,7813296,hydrogen bomb,NF,642281
113026360,2024-03-10 23:05:09+00:00,3499390,10651106,Pezz,NF,471067
113026360,2024-03-10 23:05:09+00:00,3499390,4256461,Riot,NF,567671
113026360,2024-03-10 23:05:09+00:00,3499390,12609022,Sdot,NF,361193
113026360,2024-03-10 23:11:13+00:00,2799073,5339515,Mathi,HRNF,597386
113026360,2024-03-10 23:11:13+00:00,2799073,12796317,oPixay,HRNF,738248
113026360,2024-03-10 23:11:13+00:00,2799073,4415285,El Condor Pasa,HRNF,438745
113026360,2024-03-10 23:11:13+00:00,2799073,5477343,kurtis-,HRNF,419270
113026360,2024-03-10 23:11:13+00:00,2799073,7813296,hydrogen bomb,HRNF,797443
113026360,2024-03-10 23:11:13+00:00,2799073,10651106,Pezz,HRNF,621200
113026360,2024-03-10 23:11:13+00:00,2799073,4256461,Riot,HRNF,723443
113026360,2024-03-10 23:11:13+00:00,2799073,13214651,Talullah,HRNF,433443
113026360,2024-03-10 22:07:55+00:00,3775432,10634348,EthantrixV2,HDNF,312857
113026360,2024-03-10 22:07:55+00:00,3775432,3737401,neuro,HDNF,292541
113026360,2024-03-10 22:07:55+00:00,3775432,12796317,oPixay,HDNF,631540
113026360,2024-03-10 22:07:55+00:00,3775432,5339515,Mathi,HDNF,511442
113026360,2024-03-10 22:07:55+00:00,3775432,8666950,DarkKarate,HDNF,358520
113026360,2024-03-10 22:07:55+00:00,3775432,13214651,Talullah,HDNF,256736
113026360,2024-03-10 22:07:55+00:00,3775432,7813296,hydrogen bomb,HDNF,975416
113026360,2024-03-10 22:07:55+00:00,3775432,3149395,richp2k,HDNF,393124
113026360,2024-03-10 22:14:22+00:00,3659002,4415285,El Condor Pasa,NF,419093
113026360,2024-03-10 22:14:22+00:00,3659002,3737401,neuro,NF,314136
113026360,2024-03-10 22:14:22+00:00,3659002,12796317,oPixay,NF,417812
113026360,2024-03-10 22:14:22+00:00,3659002,5339515,Mathi,NF,505181
113026360,2024-03-10 22:14:22+00:00,3659002,10651106,Pezz,NF,373442
113026360,2024-03-10 22:14:22+00:00,3659002,4256461,Riot,NF,395607
113026360,2024-03-10 22:14:22+00:00,3659002,7813296,hydrogen bomb,NF,604231
113026360,2024-03-10 22:14:22+00:00,3659002,8666950,DarkKarate,NF,387391
113026360,2024-03-10 22:22:38+00:00,3880936,5477343,kurtis-,HRNF,577015
113026360,2024-03-10 22:22:38+00:00,3880936,10634348,EthantrixV2,HDNF,219041
113026360,2024-03-10 22:22:38+00:00,3880936,5425046,Vespirit,HDNF,383451
113026360,2024-03-10 22:22:38+00:00,3880936,5339515,Mathi,HRNF,633770
113026360,2024-03-10 22:22:38+00:00,3880936,13214651,Talullah,HDNF,415163
113026360,2024-03-10 22:22:38+00:00,3880936,10651106,Pezz,HRNF,564892
113026360,2024-03-10 22:22:38+00:00,3880936,7813296,hydrogen bomb,HRNF,996894
113026360,2024-03-10 22:22:38+00:00,3880936,4256461,Riot,HRNF,628033
113026360,2024-03-10 22:29:17+00:00,3911471,5425046,Vespirit,DTNF,247622
113026360,2024-03-10 22:29:17+00:00,3911471,5477343,kurtis-,DTNF,533710
113026360,2024-03-10 22:29:17+00:00,3911471,4415285,El Condor Pasa,DTNF,243446
113026360,2024-03-10 22:29:17+00:00,3911471,5339515,Mathi,DTNF,866447
113026360,2024-03-10 22:29:17+00:00,3911471,10651106,Pezz,DTNF,570473
113026360,2024-03-10 22:29:17+00:00,3911471,4256461,Riot,DTNF,1088537
113026360,2024-03-10 22:29:17+00:00,3911471,13214651,Talullah,DTNF,356232
113026360,2024-03-10 22:29:17+00:00,3911471,7813296,hydrogen bomb,DTNF,1101693
113027534,2024-03-11 00:28:38+00:00,3880936,11307733,nemroz,HRNF,276168
113027534,2024-03-11 00:28:38+00:00,3880936,13065919,R1cho,HRNF,583796
113027534,2024-03-11 00:28:38+00:00,3880936,8581210,LightsOut,HRNF,469648
113027534,2024-03-11 00:28:38+00:00,3880936,9265990,rng_,HDNF,368210
113027534,2024-03-11 00:28:38+00:00,3880936,13586618,taro,HRNF,405759
113027534,2024-03-11 00:28:38+00:00,3880936,11267857,Jimarrah,HDNF,368977
113027534,2024-03-11 00:28:38+00:00,3880936,4108547,WindowLife,HRNF,1047038
113027534,2024-03-11 00:28:38+00:00,3880936,3149577,Coreanmaluco,HRNF,629813
113027534,2024-03-11 00:35:29+00:00,3659002,4830687,BoshyMan741,NF,477426
113027534,2024-03-11 00:35:29+00:00,3659002,8581210,LightsOut,NF,494284
113027534,2024-03-11 00:35:29+00:00,3659002,6327638,Twilight,NF,604057
113027534,2024-03-11 00:35:29+00:00,3659002,9265990,rng_,NF,480427
113027534,2024-03-11 00:35:29+00:00,3659002,4108547,WindowLife,NF,468534
113027534,2024-03-11 00:35:29+00:00,3659002,11267857,Jimarrah,NF,334417
113027534,2024-03-11 00:35:29+00:00,3659002,13586618,taro,NF,421599
113027534,2024-03-11 00:35:29+00:00,3659002,3149577,Coreanmaluco,NF,431496
113027534,2024-03-11 00:42:59+00:00,3353695,13065919,R1cho,NF,331464
113027534,2024-03-11 00:42:59+00:00,3353695,8581210,LightsOut,NF,348350
113027534,2024-03-11 00:42:59+00:00,3353695,4830687,BoshyMan741,NF,163203
113027534,2024-03-11 00:42:59+00:00,3353695,9265990,rng_,NF,296304
113027534,2024-03-11 00:42:59+00:00,3353695,4108547,WindowLife,NF,537601
113027534,2024-03-11 00:42:59+00:00,3353695,11267857,Jimarrah,NF,348258
113027534,2024-03-11 00:42:59+00:00,3353695,13586618,taro,NF,401383
113027534,2024-03-11 00:42:59+00:00,3353695,3149577,Coreanmaluco,NF,578268
113027534,2024-03-11 00:52:34+00:00,2096611,6327638,Twilight,HRNF,587640
113027534,2024-03-11 00:52:34+00:00,2096611,12522447,Mejir0 McQueen,NF,593125
113027534,2024-03-11 00:52:34+00:00,2096611,9265990,rng_,HDHRNF,356125
113027534,2024-03-11 00:52:34+00:00,2096611,4830687,BoshyMan741,HDNF,398184
113027534,2024-03-11 00:52:34+00:00,2096611,8208289,conradmittn,HDNF,563920
113027534,2024-03-11 00:52:34+00:00,2096611,10051720,Saryi,HDHRNF,698706
113027534,2024-03-11 00:52:34+00:00,2096611,3149577,Coreanmaluco,HRNF,548836
113027534,2024-03-11 00:52:34+00:00,2096611,4108547,WindowLife,HRNF,646600
113027534,2024-03-11 00:58:46+00:00,96587,13065919,R1cho,DTNF,507657
113027534,2024-03-11 00:58:46+00:00,96587,8581210,LightsOut,DTNF,620984
113027534,2024-03-11 00:58:46+00:00,96587,9265990,rng_,DTNF,553322
113027534,2024-03-11 00:58:46+00:00,96587,11307733,nemroz,DTNF,504938
113027534,2024-03-11 00:58:46+00:00,96587,11267857,Jimarrah,DTNF,674433
113027534,2024-03-11 00:58:46+00:00,96587,3149577,Coreanmaluco,DTNF,568882
113027534,2024-03-11 00:58:46+00:00,96587,4108547,WindowLife,DTNF,1039268
113027534,2024-03-11 00:58:46+00:00,96587,13586618,taro,DTNF,1052548
113027534,2024-03-11 01:04:28+00:00,3775432,6327638,Twilight,HDNF,541772
113027534,2024-03-11 01:04:28+00:00,3775432,12522447,Mejir0 McQueen,HDNF,354966
113027534,2024-03-11 01:04:28+00:00,3775432,9265990,rng_,HDNF,386261
113027534,2024-03-11 01:04:28+00:00,3775432,4830687,BoshyMan741,HDNF,447382
113027534,2024-03-11 01:04:28+00:00,3775432,8208289,conradmittn,HDNF,616657
113027534,2024-03-11 01:04:28+00:00,3775432,3149577,Coreanmaluco,HDNF,435663
113027534,2024-03-11 01:04:28+00:00,3775432,8880920,ruyu,HDNF,534247
113027534,2024-03-11 01:04:28+00:00,3775432,4108547,WindowLife,HDNF,347702
113027534,2024-03-11 00:10:12+00:00,3499390,8581210,LightsOut,NF,465931
113027534,2024-03-11 00:10:12+00:00,3499390,13065919,R1cho,NF,404481
113027534,2024-03-11 00:10:12+00:00,3499390,9265990,rng_,NF,369235
113027534,2024-03-11 00:10:12+00:00,3499390,4830687,BoshyMan741,NF,482102
113027534,2024-03-11 00:10:12+00:00,3499390,11267857,Jimarrah,NF,380494
113027534,2024-03-11 00:10:12+00:00,3499390,8208289,conradmittn,NF,506393
113027534,2024-03-11 00:10:12+00:00,3499390,4108547,WindowLife,NF,660745
113027534,2024-03-11 00:10:12+00:00,3499390,3149577,Coreanmaluco,NF,740799
113027534,2024-03-11 00:15:54+00:00,3647284,6327638,Twilight,HRNF,383900
113027534,2024-03-11 00:15:54+00:00,3647284,13065919,R1cho,HRNF,540878
113027534,2024-03-11 00:15:54+00:00,3647284,4830687,BoshyMan741,HRNF,492816
113027534,2024-03-11 00:15:54+00:00,3647284,9265990,rng_,HRNF,554132
113027534,2024-03-11 00:15:54+00:00,3647284,10051720,Saryi,HRNF,644076
113027534,2024-03-11 00:15:54+00:00,3647284,8208289,conradmittn,HRNF,551403
113027534,2024-03-11 00:15:54+00:00,3647284,4108547,WindowLife,HRNF,625043
113027534,2024-03-11 00:15:54+00:00,3647284,3149577,Coreanmaluco,HRNF,449892
113027534,2024-03-11 00:21:34+00:00,3216819,8581210,LightsOut,HDNF,268576
113027534,2024-03-11 00:21:34+00:00,3216819,4830687,BoshyMan741,HDNF,684385
113027534,2024-03-11 00:21:34+00:00,3216819,6327638,Twilight,HDNF,644570
113027534,2024-03-11 00:21:34+00:00,3216819,9265990,rng_,HDNF,464908
113027534,2024-03-11 00:21:34+00:00,3216819,10051720,Saryi,HDNF,421965
113027534,2024-03-11 00:21:34+00:00,3216819,11267857,Jimarrah,HDNF,315153
113027534,2024-03-11 00:21:34+00:00,3216819,8880920,ruyu,HDNF,450833
113027534,2024-03-11 00:21:34+00:00,3216819,4108547,WindowLife,HDNF,459239
112832449,2024-02-26 00:11:27+00:00,3180896,9501251,ChillierPear,HRNF,623199
112832449,2024-02-26 00:11:27+00:00,3180896,12434652,Gonzah,HDNF,612240
112832449,2024-02-26 00:11:27+00:00,3180896,15173952,BATBALL,NF,551271
112832449,2024-02-26 00:11:27+00:00,3180896,6304246,RyuK,HDHRNF,967409
112832449,2024-02-26 00:11:27+00:00,3180896,2944449,Too Slow,HDHRNF,576918
112832449,2024-02-26 00:11:27+00:00,3180896,12904237,Gabey,HDNF,563333
112832449,2024-02-26 00:11:27+00:00,3180896,2546001,Intercambing,HRNF,636121
112832449,2024-02-26 00:11:27+00:00,3180896,6014327,lovetap,NF,606699
112832449,2024-02-26 00:18:06+00:00,3296392,15173952,BATBALL,NF,427005
112832449,2024-02-26 00:18:06+00:00,3296392,6304246,RyuK,NF,477267
112832449,2024-02-26 00:18:06+00:00,3296392,3792472,Woey,NF,382130
112832449,2024-02-26 00:18:06+00:00,3296392,6283858,tan-,NF,370741
112832449,2024-02-26 00:18:06+00:00,3296392,12904237,Gabey,NF,436686
112832449,2024-02-26 00:18:06+00:00,3296392,5177569,Yip,NF,576670
112832449,2024-02-26 00:18:06+00:00,3296392,2546001,Intercambing,NF,481543
112832449,2024-02-26 00:18:06+00:00,3296392,3533958,fieryrage,NF,587421
112832449,2024-02-26 00:26:46+00:00,3334928,6304246,RyuK,DTNF,1139640
112832449,2024-02-26 00:26:46+00:00,3334928,12434652,Gonzah,DTNF,843360
112832449,2024-02-26 00:26:46+00:00,3334928,9501251,ChillierPear,DTNF,504306
112832449,2024-02-26 00:26:46+00:00,3334928,6283858,tan-,DTNF,846248
112832449,2024-02-26 00:26:46+00:00,3334928,6159669,daanit,DTNF,767884
112832449,2024-02-26 00:26:46+00:00,3334928,6014327,lovetap,DTNF,933311
112832449,2024-02-26 00:26:46+00:00,3334928,2546001,Intercambing,DTNF,530334
112832449,2024-02-26 00:26:46+00:00,3334928,2944449,Too Slow,DTNF,829267
112832449,2024-02-26 00:33:04+00:00,4352411,15173952,BATBALL,NF,585778
112832449,2024-02-26 00:33:04+00:00,4352411,6304246,RyuK,HDHRNF,604869
112832449,2024-02-26 00:33:04+00:00,4352411,9501251,ChillierPear,HRNF,670362
112832449,2024-02-26 00:33:04+00:00,4352411,3792472,Woey,HDNF,651030
112832449,2024-02-26 00:33:04+00:00,4352411,3533958,fieryrage,HRNF,460429
112832449,2024-02-26 00:33:04+00:00,4352411,6014327,lovetap,HRNF,465435
112832449,2024-02-26 00:33:04+00:00,4352411,2546001,Intercambing,HRNF,746848
112832449,2024-02-26 00:33:04+00:00,4352411,12904237,Gabey,HDNF,709855
112832449,2024-02-26 00:40:19+00:00,4452659,15173952,BATBALL,DTNF,591785
112832449,2024-02-26 00:40:19+00:00,4452659,12434652,Gonzah,DTNF,939238
112832449,2024-02-26 00:40:19+00:00,4452659,6304246,RyuK,DTNF,1155371
112832449,2024-02-26 00:40:19+00:00,4452659,9501251,ChillierPear,DTNF,513040
112832449,2024-02-26 00:40:19+00:00,4452659,2944449,Too Slow,DTNF,1118992
112832449,2024-02-26 00:40:19+00:00,4452659,6014327,lovetap,DTNF,499927
112832449,2024-02-26 00:40:19+00:00,4452659,7154358,Cuckweezy,DTNF,374560
112832449,2024-02-26 00:40:19+00:00,4452659,2546001,Intercambing,DTNF,700068
112832449,2024-02-26 00:47:15+00:00,4246922,15173952,BATBALL,HDNF,468996
112832449,2024-02-26 00:47:15+00:00,4246922,6304246,RyuK,HDNF,430050
112832449,2024-02-26 00:47:15+00:00,4246922,3792472,Woey,HDNF,492628
112832449,2024-02-26 00:47:15+00:00,4246922,12434652,Gonzah,HDNF,811683
112832449,2024-02-26 00:47:15+00:00,4246922,3533958,fieryrage,HDNF,564662
112832449,2024-02-26 00:47:15+00:00,4246922,5177569,Yip,HDNF,336735
112832449,2024-02-26 00:47:15+00:00,4246922,12904237,Gabey,HDNF,501099
112832449,2024-02-26 00:47:15+00:00,4246922,2546001,Intercambing,HDNF,631429
112927390,2024-03-03 22:09:06+00:00,3296392,12434652,Gonzah,NF,344676
112927390,2024-03-03 22:09:06+00:00,3296392,6304246,RyuK,NF,360573
112927390,2024-03-03 22:09:06+00:00,3296392,15173952,BATBALL,NF,385548
112927390,2024-03-03 22:09:06+00:00,3296392,3792472,Woey,NF,371034
112927390,2024-03-03 22:09:06+00:00,3296392,12522447,Mejir0 McQueen,NF,341357
112927390,2024-03-03 22:09:06+00:00,3296392,4830687,BoshyMan741,NF,629678
112927390,2024-03-03 22:09:06+00:00,3296392,19998548,suntanCTM,NF,621988
112927390,2024-03-03 22:09:06+00:00,3296392,6327638,Twilight,NF,594561
112927390,2024-03-03 22:17:05+00:00,3472926,7611178,coughing baby,NF,431650
112927390,2024-03-03 22:17:05+00:00,3472926,6304246,RyuK,NF,556228
112927390,2024-03-03 22:17:05+00:00,3472926,12434652,Gonzah,NF,374106
112927390,2024-03-03 22:17:05+00:00,3472926,15173952,BATBALL,NF,552226
112927390,2024-03-03 22:17:05+00:00,3472926,9265990,rng_,NF,472579
112927390,2024-03-03 22:17:05+00:00,3472926,19998548,suntanCTM,NF,658979
112927390,2024-03-03 22:17:05+00:00,3472926,4830687,BoshyMan741,NF,442245
112927390,2024-03-03 22:17:05+00:00,3472926,6327638,Twilight,NF,469218
112927390,2024-03-03 22:23:40+00:00,4286851,6304246,RyuK,NF,514220
112927390,2024-03-03 22:23:40+00:00,4286851,7611178,coughing baby,NF,890954
112927390,2024-03-03 22:23:40+00:00,4286851,9276293,EzChock,NF,422733
112927390,2024-03-03 22:23:40+00:00,4286851,9501251,ChillierPear,NF,425896
112927390,2024-03-03 22:23:40+00:00,4286851,6327638,Twilight,NF,547200
112927390,2024-03-03 22:23:40+00:00,4286851,19998548,suntanCTM,NF,649597
112927390,2024-03-03 22:23:40+00:00,4286851,9265990,rng_,NF,637890
112927390,2024-03-03 22:23:40+00:00,4286851,8581210,LightsOut,NF,741769
112927390,2024-03-03 22:31:55+00:00,4452659,15173952,BATBALL,DTNF,582027
112927390,2024-03-03 22:31:55+00:00,4452659,12434652,Gonzah,DTNF,510359
112927390,2024-03-03 22:31:55+00:00,4452659,6304246,RyuK,DTNF,781912
112927390,2024-03-03 22:31:55+00:00,4452659,9501251,ChillierPear,DTNF,1147891
112927390,2024-03-03 22:31:55+00:00,4452659,19998548,suntanCTM,DTNF,1151546
112927390,2024-03-03 22:31:55+00:00,4452659,13065919,R1cho,DTNF,633903
112927390,2024-03-03 22:31:55+00:00,4452659,6327638,Twilight,DTNF,680492
112927390,2024-03-03 22:31:55+00:00,4452659,8581210,LightsOut,DTNF,1047968
112927390,2024-03-03 22:38:10+00:00,736215,9276293,EzChock,NF,613420
112927390,2024-03-03 22:38:10+00:00,736215,7611178,coughing baby,NF,997463
112927390,2024-03-03 22:38:10+00:00,736215,6304246,RyuK,NF,668333
112927390,2024-03-03 22:38:10+00:00,736215,9501251,ChillierPear,NF,642769
112927390,2024-03-03 22:38:10+00:00,736215,19998548,suntanCTM,NF,628372
112927390,2024-03-03 22:38:10+00:00,736215,6327638,Twilight,NF,526259
112927390,2024-03-03 22:38:10+00:00,736215,9265990,rng_,NF,998898
112927390,2024-03-03 22:38:10+00:00,736215,8581210,LightsOut,NF,515279
112927390,2024-03-03 22:47:08+00:00,1633534,6304246,RyuK,HRNF,506048
112927390,2024-03-03 22:47:08+00:00,1633534,9501251,ChillierPear,HRNF,834602
112927390,2024-03-03 22:47:08+00:00,1633534,15173952,BATBALL,HRNF,479290
112927390,2024-03-03 22:47:08+00:00,1633534,3792472,Woey,HRNF,385454
112927390,2024-03-03 22:47:08+00:00,1633534,4830687,BoshyMan741,HRNF,953636
112927390,2024-03-03 22:47:08+00:00,1633534,6327638,Twilight,HRNF,614288
112927390,2024-03-03 22:47:08+00:00,1633534,9265990,rng_,HRNF,950140
112927390,2024-03-03 22:47:08+00:00,1633534,8581210,LightsOut,HRNF,362001
112912565,2024-03-03 00:21:52+00:00,3334928,6304246,RyuK,DTNF,910064
112912565,2024-03-03 00:21:52+00:00,3334928,9501251,ChillierPear,DTNF,1137463
112912565,2024-03-03 00:21:52+00:00,3334928,6283858,tan-,DTNF,900950
112912565,2024-03-03 00:21:52+00:00,3334928,12434652,Gonzah,DTNF,778997
112912565,2024-03-03 00:21:52+00:00,3334928,13214651,Talullah,DTNF,1017904
112912565,2024-03-03 00:21:52+00:00,3334928,10651106,Pezz,DTNF,720919
112912565,2024-03-03 00:21:52+00:00,3334928,7813296,hydrogen bomb,DTNF,1136157
112912565,2024-03-03 00:21:52+00:00,3334928,4256461,Riot,DTNF,1090602
112912565,2024-03-03 00:28:33+00:00,736215,7611178,coughing baby,NF,579102
112912565,2024-03-03 00:28:33+00:00,736215,9276293,EzChock,NF,549698
112912565,2024-03-03 00:28:33+00:00,736215,6304246,RyuK,NF,669039
112912565,2024-03-03 00:28:33+00:00,736215,9501251,ChillierPear,NF,597202
112912565,2024-03-03 00:28:33+00:00,736215,7813296,hydrogen bomb,NF,576240
112912565,2024-03-03 00:28:33+00:00,736215,10651106,Pezz,NF,571817
112912565,2024-03-03 00:28:33+00:00,736215,12609022,Sdot,NF,435191
112912565,2024-03-03 00:28:33+00:00,736215,8666950,DarkKarate,NF,577090
112912565,2024-03-03 00:35:52+00:00,2915338,9501251,ChillierPear,HRNF,1042029
112912565,2024-03-03 00:35:52+00:00,2915338,6304246,RyuK,HRNF,894695
112912565,2024-03-03 00:35:52+00:00,2915338,6283858,tan-,HRNF,289457
112912565,2024-03-03 00:35:52+00:00,2915338,3792472,Woey,HRNF,592262
112912565,2024-03-03 00:35:52+00:00,2915338,8666950,DarkKarate,HRNF,610837
112912565,2024-03-03 00:35:52+00:00,2915338,4256461,Riot,HRNF,440862
112912565,2024-03-03 00:35:52+00:00,2915338,10651106,Pezz,HRNF,654409
112912565,2024-03-03 00:35:52+00:00,2915338,7813296,hydrogen bomb,HRNF,567371
112912565,2024-03-03 00:44:31+00:00,4246922,12434652,Gonzah,HDNF,464603
112912565,2024-03-03 00:44:31+00:00,4246922,15173952,BATBALL,HDNF,694604
112912565,2024-03-03 00:44:31+00:00,4246922,9501251,ChillierPear,HDNF,428225
112912565,2024-03-03 00:44:31+00:00,4246922,3792472,Woey,HDNF,401739
112912565,2024-03-03 00:44:31+00:00,4246922,13214651,Talullah,HDNF,370314
112912565,2024-03-03 00:44:31+00:00,4246922,8666950,DarkKarate,HDNF,563311
112912565,2024-03-03 00:44:31+00:00,4246922,7813296,hydrogen bomb,HDNF,441695
112912565,2024-03-03 00:44:31+00:00,4246922,10792185,Rykaii,HDNF,540320
112912565,2024-03-03 00:51:52+00:00,3472926,6304246,RyuK,NF,564715
112912565,2024-03-03 00:51:52+00:00,3472926,15173952,BATBALL,NF,497032
112912565,2024-03-03 00:51:52+00:00,3472926,12434652,Gonzah,NF,464324
112912565,2024-03-03 00:51:52+00:00,3472926,3792472,Woey,NF,440145
112912565,2024-03-03 00:51:52+00:00,3472926,10651106,Pezz,NF,275200
112912565,2024-03-03 00:51:52+00:00,3472926,7813296,hydrogen bomb,NF,545705
112912565,2024-03-03 00:51:52+00:00,3472926,8666950,DarkKarate,NF,396129
112912565,2024-03-03 00:51:52+00:00,3472926,13214651,Talullah,NF,356391
112912565,2024-03-03 00:08:19+00:00,2918146,9501251,ChillierPear,NF,673734
112912565,2024-03-03 00:08:19+00:00,2918146,6283858,tan-,NF,684848
112912565,2024-03-03 00:08:19+00:00,2918146,9276293,EzChock,NF,744698
112912565,2024-03-03 00:08:19+00:00,2918146,15173952,BATBALL,NF,585690
112912565,2024-03-03 00:08:19+00:00,2918146,13214651,Talullah,NF,595604
112912565,2024-03-03 00:08:19+00:00,2918146,7813296,hydrogen bomb,NF,972369
112912565,2024-03-03 00:08:19+00:00,2918146,12609022,Sdot,NF,508151
112912565,2024-03-03 00:08:19+00:00,2918146,10651106,Pezz,NF,638945
112912565,2024-03-03 00:13:55+00:00,3296392,6304246,RyuK,NF,352471
112912565,2024-03-03 00:13:55+00:00,3296392,15173952,BATBALL,NF,500907
112912565,2024-03-03 00:13:55+00:00,3296392,3792472,Woey,NF,403197
112912565,2024-03-03 00:13:55+00:00,3296392,6283858,tan-,NF,335233
112912565,2024-03-03 00:13:55+00:00,3296392,10792185,Rykaii,NF,340607
112912565,2024-03-03 00:13:55+00:00,3296392,8666950,DarkKarate,NF,327182
112912565,2024-03-03 00:13:55+00:00,3296392,7813296,hydrogen bomb,NF,544048
112912565,2024-03-03 00:13:55+00:00,3296392,10651106,Pezz,NF,319717
112925753,2024-03-03 20:18:56+00:00,2915338,3533958,fieryrage,HRNF,547261
112925753,2024-03-03 20:18:56+00:00,2915338,6014327,lovetap,HRNF,498897
112925753,2024-03-03 20:18:56+00:00,2915338,5177569,Yip,HRNF,548239
112925753,2024-03-03 20:18:56+00:00,2915338,2546001,Intercambing,HRNF,504613
112925753,2024-03-03 20:18:56+00:00,2915338,4830687,BoshyMan741,HRNF,542363
112925753,2024-03-03 20:18:56+00:00,2915338,19998548,suntanCTM,HRNF,401833
112925753,2024-03-03 20:18:56+00:00,2915338,9265990,rng_,HRNF,312824
112925753,2024-03-03 20:18:56+00:00,2915338,6327638,Twilight,HRNF,477432
112925753,2024-03-03 20:26:07+00:00,3334928,2944449,Too Slow,DTNF,649614
112925753,2024-03-03 20:26:07+00:00,3334928,6014327,lovetap,DTNF,912932
112925753,2024-03-03 20:26:07+00:00,3334928,6159669,daanit,DTNF,527777
112925753,2024-03-03 20:26:07+00:00,3334928,2546001,Intercambing,DTNF,702134
112925753,2024-03-03 20:26:07+00:00,3334928,19998548,suntanCTM,DTNF,1149859
112925753,2024-03-03 20:26:07+00:00,3334928,13065919,R1cho,DTNF,810070
112925753,2024-03-03 20:26:07+00:00,3334928,11307733,nemroz,DTNF,709109
112925753,2024-03-03 20:26:07+00:00,3334928,8581210,LightsOut,DTNF,719359
112925753,2024-03-03 20:30:58+00:00,4352411,3533958,fieryrage,HDNF,709740
112925753,2024-03-03 20:30:58+00:00,4352411,6014327,lovetap,HDHRNF,862154
112925753,2024-03-03 20:30:58+00:00,4352411,5177569,Yip,HRNF,548469
112925753,2024-03-03 20:30:58+00:00,4352411,2546001,Intercambing,NF,976800
112925753,2024-03-03 20:30:58+00:00,4352411,19998548,suntanCTM,HDNF,473875
112925753,2024-03-03 20:30:58+00:00,4352411,4830687,BoshyMan741,HDNF,735400
112925753,2024-03-03 20:30:58+00:00,4352411,9265990,rng_,HRNF,445024
112925753,2024-03-03 20:30:58+00:00,4352411,12522447,Mejir0 McQueen,HDNF,495613
112925753,2024-03-03 20:36:38+00:00,3180896,2944449,Too Slow,HRNF,626764
112925753,2024-03-03 20:36:38+00:00,3180896,6014327,lovetap,HDNF,442968
112925753,2024-03-03 20:36:38+00:00,3180896,6159669,daanit,HRNF,721260
112925753,2024-03-03 20:36:38+00:00,3180896,2546001,Intercambing,HRNF,908744
112925753,2024-03-03 20:36:38+00:00,3180896,19998548,suntanCTM,HDNF,1008127
112925753,2024-03-03 20:36:38+00:00,3180896,8581210,LightsOut,HRNF,962055
112925753,2024-03-03 20:36:38+00:00,3180896,11307733,nemroz,HRNF,524064
112925753,2024-03-03 20:36:38+00:00,3180896,13065919,R1cho,HRNF,524972
112925753,2024-03-03 20:42:14+00:00,3296392,5177569,Yip,NF,531086
112925753,2024-03-03 20:42:14+00:00,3296392,6014327,lovetap,NF,398978
112925753,2024-03-03 20:42:14+00:00,3296392,3533958,fieryrage,NF,528670
112925753,2024-03-03 20:42:14+00:00,3296392,2546001,Intercambing,NF,597225
112925753,2024-03-03 20:42:14+00:00,3296392,19998548,suntanCTM,NF,492782
112925753,2024-03-03 20:42:14+00:00,3296392,12522447,Mejir0 McQueen,NF,396515
112925753,2024-03-03 20:42:14+00:00,3296392,4830687,BoshyMan741,NF,486476
112925753,2024-03-03 20:42:14+00:00,3296392,6327638,Twilight,NF,483407
112925753,2024-03-03 20:49:01+00:00,2918146,2944449,Too Slow,NF,355573
112925753,2024-03-03 20:49:01+00:00,2918146,6014327,lovetap,NF,502216
112925753,2024-03-03 20:49:01+00:00,2918146,6159669,daanit,NF,216542
112925753,2024-03-03 20:49:01+00:00,2918146,2546001,Intercambing,NF,619598
112925753,2024-03-03 20:49:01+00:00,2918146,19998548,suntanCTM,NF,984118
112925753,2024-03-03 20:49:01+00:00,2918146,4830687,BoshyMan741,NF,929512
112925753,2024-03-03 20:49:01+00:00,2918146,9265990,rng_,NF,757017
112925753,2024-03-03 20:49:01+00:00,2918146,8581210,LightsOut,NF,502279
112925753,2024-03-03 20:55:00+00:00,4386727,2546001,Intercambing,NF,362967
112925753,2024-03-03 20:55:00+00:00,4386727,6014327,lovetap,NF,296902
112925753,2024-03-03 20:55:00+00:00,4386727,7154358,Cuckweezy,NF,268890
112925753,2024-03-03 20:55:00+00:00,4386727,5177569,Yip,NF,422827
112925753,2024-03-03 20:55:00+00:00,4386727,4830687,BoshyMan741,NF,219934
112925753,2024-03-03 20:55:00+00:00,4386727,13065919,R1cho,NF,280696
112925753,2024-03-03 20:55:00+00:00,4386727,12522447,Mejir0 McQueen,NF,303725
112925753,2024-03-03 20:55:00+00:00,4386727,19998548,suntanCTM,NF,459795
112925753,2024-03-03 20:05:25+00:00,1633534,3533958,fieryrage,HRNF,651504
112925753,2024-03-03 20:05:25+00:00,1633534,5177569,Yip,HRNF,305231
112925753,2024-03-03 20:05:25+00:00,1633534,6014327,lovetap,HRNF,342523
112925753,2024-03-03 20:05:25+00:00,1633534,2546001,Intercambing,HRNF,990120
112925753,2024-03-03 20:05:25+00:00,1633534,4830687,BoshyMan741,HRNF,526971
112925753,2024-03-03 20:05:25+00:00,1633534,9265990,rng_,HRNF,379063
112925753,2024-03-03 20:05:25+00:00,1633534,8581210,LightsOut,HRNF,360940
112925753,2024-03-03 20:05:25+00:00,1633534,13065919,R1cho,HRNF,435624
112925753,2024-03-03 20:11:46+00:00,4452659,6159669,daanit,DTNF,387700
112925753,2024-03-03 20:11:46+00:00,4452659,6014327,lovetap,DTNF,552873
112925753,2024-03-03 20:11:46+00:00,4452659,2944449,Too Slow,DTNF,456866
112925753,2024-03-03 20:11:46+00:00,4452659,2546001,Intercambing,DTNF,884774
112925753,2024-03-03 20:11:46+00:00,4452659,19998548,suntanCTM,DTNF,930200
112925753,2024-03-03 20:11:46+00:00,4452659,11307733,nemroz,DTNF,472585
112925753,2024-03-03 20:11:46+00:00,4452659,8581210,LightsOut,DTNF,662162
112925753,2024-03-03 20:11:46+00:00,4452659,13065919,R1cho,DTNF,580408
112927374,2024-03-03 22:14:54+00:00,4452659,6014327,lovetap,DTNF,706447
112927374,2024-03-03 22:14:54+00:00,4452659,7154358,Cuckweezy,DTNF,606890
112927374,2024-03-03 22:14:54+00:00,4452659,2546001,Intercambing,DTNF,637197
112927374,2024-03-03 22:14:54+00:00,4452659,2944449,Too Slow,DTNF,528690
112927374,2024-03-03 22:14:54+00:00,4452659,7813296,hydrogen bomb,DTNF,802749
112927374,2024-03-03 22:14:54+00:00,4452659,10651106,Pezz,DTNF,509014
112927374,2024-03-03 22:14:54+00:00,4452659,13214651,Talullah,DTNF,495462
112927374,2024-03-03 22:14:54+00:00,4452659,4256461,Riot,DTNF,659388
112927374,2024-03-03 22:21:33+00:00,4036151,6014327,lovetap,HDNF,307035
112927374,2024-03-03 22:21:33+00:00,4036151,3533958,fieryrage,HDNF,1058013
112927374,2024-03-03 22:21:33+00:00,4036151,2546001,Intercambing,HDNF,579877
112927374,2024-03-03 22:21:33+00:00,4036151,5177569,Yip,HDNF,509233
112927374,2024-03-03 22:21:33+00:00,4036151,8666950,DarkKarate,HDNF,545408
112927374,2024-03-03 22:21:33+00:00,4036151,3149395,richp2k,HDNF,504767
112927374,2024-03-03 22:21:33+00:00,4036151,7813296,hydrogen bomb,HDNF,490433
112927374,2024-03-03 22:21:33+00:00,4036151,10792185,Rykaii,HDNF,540544
112927374,2024-03-03 22:28:27+00:00,2918146,6014327,lovetap,NF,388225
112927374,2024-03-03 22:28:27+00:00,2918146,2944449,Too Slow,NF,366735
112927374,2024-03-03 22:28:27+00:00,2918146,2546001,Intercambing,NF,387572
112927374,2024-03-03 22:28:27+00:00,2918146,7154358,Cuckweezy,NF,307635
112927374,2024-03-03 22:28:27+00:00,2918146,13214651,Talullah,NF,571682
112927374,2024-03-03 22:28:27+00:00,2918146,12609022,Sdot,NF,625290
112927374,2024-03-03 22:28:27+00:00,2918146,7813296,hydrogen bomb,NF,971642
112927374,2024-03-03 22:28:27+00:00,2918146,4256461,Riot,NF,455813
112927374,2024-03-03 22:32:47+00:00,3472926,6014327,lovetap,NF,437182
112927374,2024-03-03 22:32:47+00:00,3472926,5177569,Yip,NF,392034
112927374,2024-03-03 22:32:47+00:00,3472926,2546001,Intercambing,NF,415184
112927374,2024-03-03 22:32:47+00:00,3472926,3533958,fieryrage,NF,618614
112927374,2024-03-03 22:32:47+00:00,3472926,13214651,Talullah,NF,300513
112927374,2024-03-03 22:32:47+00:00,3472926,8666950,DarkKarate,NF,333491
112927374,2024-03-03 22:32:47+00:00,3472926,7813296,hydrogen bomb,NF,734698
112927374,2024-03-03 22:32:47+00:00,3472926,4256461,Riot,NF,576448
112927374,2024-03-03 22:39:05+00:00,4286851,6014327,lovetap,NF,605549
112927374,2024-03-03 22:39:05+00:00,4286851,3533958,fieryrage,NF,625449
112927374,2024-03-03 22:39:05+00:00,4286851,2546001,Intercambing,NF,989987
112927374,2024-03-03 22:39:05+00:00,4286851,5177569,Yip,NF,497204
112927374,2024-03-03 22:39:05+00:00,4286851,10651106,Pezz,NF,545124
112927374,2024-03-03 22:39:05+00:00,4286851,8666950,DarkKarate,NF,971087
112927374,2024-03-03 22:39:05+00:00,4286851,7813296,hydrogen bomb,NF,971118
112927374,2024-03-03 22:39:05+00:00,4286851,12609022,Sdot,NF,593368
112927374,2024-03-03 22:47:11+00:00,4246922,6014327,lovetap,HDNF,319852
112927374,2024-03-03 22:47:11+00:00,4246922,3533958,fieryrage,HDNF,553023
112927374,2024-03-03 22:47:11+00:00,4246922,2546001,Intercambing,HDNF,403956
112927374,2024-03-03 22:47:11+00:00,4246922,5177569,Yip,HDNF,361602
112927374,2024-03-03 22:47:11+00:00,4246922,3149395,richp2k,HDNF,605849
112927374,2024-03-03 22:47:11+00:00,4246922,8666950,DarkKarate,HDNF,510200
112927374,2024-03-03 22:47:11+00:00,4246922,4256461,Riot,HDNF,834312
112927374,2024-03-03 22:47:11+00:00,4246922,7813296,hydrogen bomb,HDNF,625529
112927374,2024-03-03 22:02:15+00:00,3180896,6014327,lovetap,HDNF,576396
112927374,2024-03-03 22:02:15+00:00,3180896,6159669,daanit,HRNF,506911
112927374,2024-03-03 22:02:15+00:00,3180896,2546001,Intercambing,HRNF,1048806
112927374,2024-03-03 22:02:15+00:00,3180896,2944449,Too Slow,HRNF,728003
112927374,2024-03-03 22:02:15+00:00,3180896,10651106,Pezz,HRNF,972762
112927374,2024-03-03 22:02:15+00:00,3180896,4256461,Riot,HRNF,849074
112927374,2024-03-03 22:02:15+00:00,3180896,13214651,Talullah,HDNF,793693
112927374,2024-03-03 22:02:15+00:00,3180896,7813296,hydrogen bomb,HRNF,1029467
112927374,2024-03-03 22:08:37+00:00,4352411,6014327,lovetap,HDHRNF,528374
112927374,2024-03-03 22:08:37+00:00,4352411,3533958,fieryrage,HDNF,703700
112927374,2024-03-03 22:08:37+00:00,4352411,2546001,Intercambing,NF,981318
112927374,2024-03-03 22:08:37+00:00,4352411,5177569,Yip,HRNF,574610
112927374,2024-03-03 22:08:37+00:00,4352411,10792185,Rykaii,HDNF,454882
112927374,2024-03-03 22:08:37+00:00,4352411,7813296,hydrogen bomb,HRNF,663199
112927374,2024-03-03 22:08:37+00:00,4352411,13214651,Talullah,HRNF,491072
112927374,2024-03-03 22:08:37+00:00,4352411,4256461,Riot,HRNF,442601
112928548,2024-03-04 00:18:56+00:00,2915338,4830687,BoshyMan741,HRNF,546997
112928548,2024-03-04 00:18:56+00:00,2915338,6327638,Twilight,HRNF,480270
112928548,2024-03-04 00:18:56+00:00,2915338,19998548,suntanCTM,HRNF,471371
112928548,2024-03-04 00:18:56+00:00,2915338,8581210,LightsOut,HRNF,319732
112928548,2024-03-04 00:18:56+00:00,2915338,7813296,hydrogen bomb,HRNF,648820
112928548,2024-03-04 00:18:56+00:00,2915338,4256461,Riot,HRNF,588128
112928548,2024-03-04 00:18:56+00:00,2915338,10651106,Pezz,HRNF,636688
112928548,2024-03-04 00:18:56+00:00,2915338,8666950,DarkKarate,HRNF,563727
112928548,2024-03-04 00:26:52+00:00,3472926,19998548,suntanCTM,NF,901100
112928548,2024-03-04 00:26:52+00:00,3472926,8581210,LightsOut,NF,568220
112928548,2024-03-04 00:26:52+00:00,3472926,4830687,BoshyMan741,NF,387590
112928548,2024-03-04 00:26:52+00:00,3472926,9265990,rng_,NF,468564
112928548,2024-03-04 00:26:52+00:00,3472926,7813296,hydrogen bomb,NF,738597
112928548,2024-03-04 00:26:52+00:00,3472926,4256461,Riot,NF,342134
112928548,2024-03-04 00:26:52+00:00,3472926,13214651,Talullah,NF,455427
112928548,2024-03-04 00:26:52+00:00,3472926,8666950,DarkKarate,NF,437850
112928548,2024-03-04 00:32:04+00:00,99094,19998548,suntanCTM,DTNF,704310
112928548,2024-03-04 00:32:04+00:00,99094,13065919,R1cho,DTNF,372391
112928548,2024-03-04 00:32:04+00:00,99094,11307733,nemroz,DTNF,421690
112928548,2024-03-04 00:32:04+00:00,99094,4830687,BoshyMan741,DTNF,1163506
112928548,2024-03-04 00:32:04+00:00,99094,13214651,Talullah,DTNF,499025
112928548,2024-03-04 00:32:04+00:00,99094,7813296,hydrogen bomb,DTNF,807074
112928548,2024-03-04 00:32:04+00:00,99094,10651106,Pezz,DTNF,461230
112928548,2024-03-04 00:32:04+00:00,99094,4256461,Riot,DTNF,789411
112928548,2024-03-04 00:38:31+00:00,4352411,4830687,BoshyMan741,HDNF,1004887
112928548,2024-03-04 00:38:31+00:00,4352411,6327638,Twilight,HRNF,535360
112928548,2024-03-04 00:38:31+00:00,4352411,12522447,Mejir0 McQueen,HDNF,537594
112928548,2024-03-04 00:38:31+00:00,4352411,19998548,suntanCTM,HDNF,461222
112928548,2024-03-04 00:38:31+00:00,4352411,13214651,Talullah,HRNF,527577
112928548,2024-03-04 00:38:31+00:00,4352411,7813296,hydrogen bomb,HRNF,633636
112928548,2024-03-04 00:38:31+00:00,4352411,8666950,DarkKarate,HDHRNF,678625
112928548,2024-03-04 00:38:31+00:00,4352411,10792185,Rykaii,HDNF,436673
112928548,2024-03-04 00:44:40+00:00,2918146,19998548,suntanCTM,NF,629658
112928548,2024-03-04 00:44:40+00:00,2918146,9265990,rng_,NF,428227
112928548,2024-03-04 00:44:40+00:00,2918146,6327638,Twilight,NF,900921
112928548,2024-03-04 00:44:40+00:00,2918146,4830687,BoshyMan741,NF,831537
112928548,2024-03-04 00:44:40+00:00,2918146,13214651,Talullah,NF,378306
112928548,2024-03-04 00:44:40+00:00,2918146,7813296,hydrogen bomb,NF,966497
112928548,2024-03-04 00:44:40+00:00,2918146,4256461,Riot,NF,958752
112928548,2024-03-04 00:44:40+00:00,2918146,10651106,Pezz,NF,548122
112928548,2024-03-04 00:49:41+00:00,4246922,19998548,suntanCTM,HDNF,887128
112928548,2024-03-04 00:49:41+00:00,4246922,12522447,Mejir0 McQueen,HDNF,657227
112928548,2024-03-04 00:49:41+00:00,4246922,4830687,BoshyMan741,HDNF,511809
112928548,2024-03-04 00:49:41+00:00,4246922,6327638,Twilight,HDNF,635122
112928548,2024-03-04 00:49:41+00:00,4246922,3149395,richp2k,HDNF,380910
112928548,2024-03-04 00:49:41+00:00,4246922,7813296,hydrogen bomb,HDNF,534430
112928548,2024-03-04 00:49:41+00:00,4246922,4256461,Riot,HDNF,493067
112928548,2024-03-04 00:49:41+00:00,4246922,8666950,DarkKarate,HDNF,810583
112928548,2024-03-04 00:05:19+00:00,3334928,13065919,R1cho,DTNF,483480
112928548,2024-03-04 00:05:19+00:00,3334928,19998548,suntanCTM,DTNF,1144499
112928548,2024-03-04 00:05:19+00:00,3334928,11307733,nemroz,DTNF,486056
112928548,2024-03-04 00:05:19+00:00,3334928,8581210,LightsOut,DTNF,1088392
112928548,2024-03-04 00:05:19+00:00,3334928,7813296,hydrogen bomb,DTNF,1137200
112928548,2024-03-04 00:05:19+00:00,3334928,10651106,Pezz,DTNF,1029956
112928548,2024-03-04 00:05:19+00:00,3334928,13214651,Talullah,DTNF,1106820
112928548,2024-03-04 00:05:19+00:00,3334928,4256461,Riot,DTNF,1096191
112928548,2024-03-04 00:10:21+00:00,3296392,4830687,BoshyMan741,NF,574840
112928548,2024-03-04 00:10:21+00:00,3296392,19998548,suntanCTM,NF,532556
112928548,2024-03-04 00:10:21+00:00,3296392,12522447,Mejir0 McQueen,NF,396328
112928548,2024-03-04 00:10:21+00:00,3296392,6327638,Twilight,NF,479720
112928548,2024-03-04 00:10:21+00:00,3296392,3149395,richp2k,NF,429438
112928548,2024-03-04 00:10:21+00:00,3296392,7813296,hydrogen bomb,NF,487612
112928548,2024-03-04 00:10:21+00:00,3296392,10651106,Pezz,NF,524645
112928548,2024-03-04 00:10:21+00:00,3296392,4256461,Riot,NF,523619
112930240,2024-03-04 04:08:46+00:00,1633534,3328742,Trail Mix,HRNF,595158
112930240,2024-03-04 04:08:46+00:00,1633534,2291265,[MG]Arnold24x24,HRNF,625613
112930240,2024-03-04 04:08:46+00:00,1633534,8802914,-Arko,HRNF,470703
112930240,2024-03-04 04:08:46+00:00,1633534,9993348,ur cute,HRNF,382690
112930240,2024-03-04 04:08:46+00:00,1633534,3149577,Coreanmaluco,HRNF,700151
112930240,2024-03-04 04:08:46+00:00,1633534,10051720,Saryi,HRNF,639017
112930240,2024-03-04 04:08:46+00:00,1633534,8208289,conradmittn,HRNF,653443
112930240,2024-03-04 04:08:46+00:00,1633534,4108547,WindowLife,HRNF,687503
112930240,2024-03-04 04:14:34+00:00,3180896,7701428,Eunha,HRNF,621876
112930240,2024-03-04 04:14:34+00:00,3180896,8802914,-Arko,NF,591667
112930240,2024-03-04 04:14:34+00:00,3180896,11405263,Fametime,HDHRNF,505136
112930240,2024-03-04 04:14:34+00:00,3180896,2291265,[MG]Arnold24x24,HDNF,648090
112930240,2024-03-04 04:14:34+00:00,3180896,3149577,Coreanmaluco,HRNF,769343
112930240,2024-03-04 04:14:34+00:00,3180896,4108547,WindowLife,HRNF,1040172
112930240,2024-03-04 04:14:34+00:00,3180896,13586618,taro,HRNF,967474
112930240,2024-03-04 04:14:34+00:00,3180896,11267857,Jimarrah,HDNF,723059
112930240,2024-03-04 04:20:51+00:00,4352411,2848604,toybot,EZNF,325133
112930240,2024-03-04 04:20:51+00:00,4352411,3328742,Trail Mix,HRNF,918555
112930240,2024-03-04 04:20:51+00:00,4352411,11405263,Fametime,HDHRNF,563547
112930240,2024-03-04 04:20:51+00:00,4352411,2291265,[MG]Arnold24x24,HDNF,1036440
112930240,2024-03-04 04:20:51+00:00,4352411,3149577,Coreanmaluco,HRNF,580334
112930240,2024-03-04 04:20:51+00:00,4352411,10051720,Saryi,HDHRNF,489764
112930240,2024-03-04 04:20:51+00:00,4352411,8208289,conradmittn,NF,556269
112930240,2024-03-04 04:20:51+00:00,4352411,8880920,ruyu,HDNF,361185
112930240,2024-03-04 04:26:14+00:00,3296392,2848604,toybot,NF,557050
112930240,2024-03-04 04:26:14+00:00,3296392,7701428,Eunha,NF,500295
112930240,2024-03-04 04:26:14+00:00,3296392,6303313,Mathyu,NF,402747
112930240,2024-03-04 04:26:14+00:00,3296392,2291265,[MG]Arnold24x24,NF,372191
112930240,2024-03-04 04:26:14+00:00,3296392,12260184,-Koda,NF,262723
112930240,2024-03-04 04:26:14+00:00,3296392,4108547,WindowLife,NF,514428
112930240,2024-03-04 04:26:14+00:00,3296392,8208289,conradmittn,NF,356143
112930240,2024-03-04 04:26:14+00:00,3296392,8880920,ruyu,NF,363027
112930240,2024-03-04 04:34:03+00:00,4452659,7701428,Eunha,DTNF,454297
112930240,2024-03-04 04:34:03+00:00,4452659,11405263,Fametime,DTNF,683922
112930240,2024-03-04 04:34:03+00:00,4452659,2291265,[MG]Arnold24x24,DTNF,641672
112930240,2024-03-04 04:34:03+00:00,4452659,3328742,Trail Mix,DTNF,447187
112930240,2024-03-04 04:34:03+00:00,4452659,3149577,Coreanmaluco,DTNF,678823
112930240,2024-03-04 04:34:03+00:00,4452659,13586618,taro,DTNF,563737
112930240,2024-03-04 04:34:03+00:00,4452659,11267857,Jimarrah,DTNF,469855
112930240,2024-03-04 04:34:03+00:00,4452659,4108547,WindowLife,DTNF,851894
112930240,2024-03-04 04:40:50+00:00,4246922,9993348,ur cute,HDNF,663821
112930240,2024-03-04 04:40:50+00:00,4246922,2291265,[MG]Arnold24x24,HDNF,760381
112930240,2024-03-04 04:40:50+00:00,4246922,3328742,Trail Mix,HDNF,717907
112930240,2024-03-04 04:40:50+00:00,4246922,2848604,toybot,HDNF,554845
112930240,2024-03-04 04:40:50+00:00,4246922,10051720,Saryi,HDNF,819926
112930240,2024-03-04 04:40:50+00:00,4246922,8208289,conradmittn,HDNF,799110
112930240,2024-03-04 04:40:50+00:00,4246922,4108547,WindowLife,HDNF,433527
112930240,2024-03-04 04:40:50+00:00,4246922,8880920,ruyu,HDNF,799697
112930240,2024-03-04 04:47:17+00:00,99094,3328742,Trail Mix,DTNF,815413
112930240,2024-03-04 04:47:17+00:00,99094,7701428,Eunha,DTNF,607226
112930240,2024-03-04 04:47:17+00:00,99094,2291265,[MG]Arnold24x24,DTNF,612912
112930240,2024-03-04 04:47:17+00:00,99094,9993348,ur cute,DTNF,454822
112930240,2024-03-04 04:47:17+00:00,99094,10051720,Saryi,DTNF,606315
112930240,2024-03-04 04:47:17+00:00,99094,8208289,conradmittn,DTNF,480970
112930240,2024-03-04 04:47:17+00:00,99094,3149577,Coreanmaluco,DTNF,1185346
112930240,2024-03-04 04:47:17+00:00,99094,4108547,WindowLife,DTNF,1177269
112929414,2024-03-04 02:12:58+00:00,99094,3328742,Trail Mix,DTNF,789728
112929414,2024-03-04 02:12:58+00:00,99094,2291265,[MG]Arnold24x24,DTNF,978079
112929414,2024-03-04 02:12:58+00:00,99094,9993348,ur cute,DTNF,774136
112929414,2024-03-04 02:12:58+00:00,99094,7701428,Eunha,DTNF,783536
112929414,2024-03-04 02:12:58+00:00,99094,5477343,kurtis-,DTNF,1049704
112929414,2024-03-04 02:12:58+00:00,99094,5339515,Mathi,DTNF,792946
112929414,2024-03-04 02:12:58+00:00,99094,2590257,wudci,DTNF,652438
112929414,2024-03-04 02:12:58+00:00,99094,4415285,El Condor Pasa,DTNF,638386
112929414,2024-03-04 02:19:46+00:00,1633534,3328742,Trail Mix,HRNF,695539
112929414,2024-03-04 02:19:46+00:00,1633534,8802914,-Arko,HRNF,450529
112929414,2024-03-04 02:19:46+00:00,1633534,2291265,[MG]Arnold24x24,HRNF,529881
112929414,2024-03-04 02:19:46+00:00,1633534,9993348,ur cute,HRNF,497350
112929414,2024-03-04 02:19:46+00:00,1633534,3737401,neuro,HRNF,390500
112929414,2024-03-04 02:19:46+00:00,1633534,5339515,Mathi,HRNF,568828
112929414,2024-03-04 02:19:46+00:00,1633534,4415285,El Condor Pasa,HRNF,281580
112929414,2024-03-04 02:19:46+00:00,1633534,2590257,wudci,HRNF,317943
112929414,2024-03-04 02:26:12+00:00,4246922,3328742,Trail Mix,HDNF,573245
112929414,2024-03-04 02:26:12+00:00,4246922,2848604,toybot,HDNF,521433
112929414,2024-03-04 02:26:12+00:00,4246922,2291265,[MG]Arnold24x24,HDNF,586811
112929414,2024-03-04 02:26:12+00:00,4246922,9993348,ur cute,HDNF,909526
112929414,2024-03-04 02:26:12+00:00,4246922,10634348,EthantrixV2,HDNF,575385
112929414,2024-03-04 02:26:12+00:00,4246922,5339515,Mathi,HDNF,1028163
112929414,2024-03-04 02:26:12+00:00,4246922,5425046,Vespirit,HDNF,636841
112929414,2024-03-04 02:26:12+00:00,4246922,12796317,oPixay,HDNF,592879
112929414,2024-03-04 02:33:11+00:00,3334928,2291265,[MG]Arnold24x24,DTNF,1149625
112929414,2024-03-04 02:33:11+00:00,3334928,11405263,Fametime,DTNF,936330
112929414,2024-03-04 02:33:11+00:00,3334928,7701428,Eunha,DTNF,1143652
112929414,2024-03-04 02:33:11+00:00,3334928,8802914,-Arko,DTNF,946020
112929414,2024-03-04 02:33:11+00:00,3334928,5477343,kurtis-,DTNF,924671
112929414,2024-03-04 02:33:11+00:00,3334928,5339515,Mathi,DTNF,1141483
112929414,2024-03-04 02:33:11+00:00,3334928,5425046,Vespirit,DTNF,1143491
112929414,2024-03-04 02:33:11+00:00,3334928,2590257,wudci,DTNF,804482
112929414,2024-03-04 02:39:43+00:00,4361284,2291265,[MG]Arnold24x24,HDNF,601301
112929414,2024-03-04 02:39:43+00:00,4361284,3328742,Trail Mix,HDHRNF,635470
112929414,2024-03-04 02:39:43+00:00,4361284,9993348,ur cute,HDHRNF,616463
112929414,2024-03-04 02:39:43+00:00,4361284,7701428,Eunha,HRNF,477587
112929414,2024-03-04 02:39:43+00:00,4361284,10634348,EthantrixV2,HDNF,580059
112929414,2024-03-04 02:39:43+00:00,4361284,5339515,Mathi,HDHRNF,424641
112929414,2024-03-04 02:39:43+00:00,4361284,3737401,neuro,NF,407472
112929414,2024-03-04 02:39:43+00:00,4361284,2590257,wudci,HRNF,450811
112929414,2024-03-04 02:47:32+00:00,2918146,2291265,[MG]Arnold24x24,NF,462313
112929414,2024-03-04 02:47:32+00:00,2918146,7701428,Eunha,NF,887125
112929414,2024-03-04 02:47:32+00:00,2918146,2848604,toybot,NF,890311
112929414,2024-03-04 02:47:32+00:00,2918146,11405263,Fametime,NF,673180
112929414,2024-03-04 02:47:32+00:00,2918146,4415285,El Condor Pasa,NF,459762
112929414,2024-03-04 02:47:32+00:00,2918146,5339515,Mathi,NF,450446
112929414,2024-03-04 02:47:32+00:00,2918146,5425046,Vespirit,NF,586168
112929414,2024-03-04 02:47:32+00:00,2918146,2590257,wudci,NF,943174
112929414,2024-03-04 02:05:48+00:00,4452659,7701428,Eunha,DTNF,524824
112929414,2024-03-04 02:05:48+00:00,4452659,9993348,ur cute,DTNF,390231
112929414,2024-03-04 02:05:48+00:00,4452659,2291265,[MG]Arnold24x24,DTNF,619445
112929414,2024-03-04 02:05:48+00:00,4452659,8802914,-Arko,DTNF,405899
112929414,2024-03-04 02:05:48+00:00,4452659,2590257,wudci,DTNF,782834
112929414,2024-03-04 02:05:48+00:00,4452659,5339515,Mathi,DTNF,683954
112929414,2024-03-04 02:05:48+00:00,4452659,5477343,kurtis-,DTNF,630107
112929414,2024-03-04 02:05:48+00:00,4452659,4415285,El Condor Pasa,DTNF,383047
112831314,2024-02-25 22:14:00+00:00,4286851,3328742,Trail Mix,NF,960727
112831314,2024-02-25 22:14:00+00:00,4286851,11405263,Fametime,NF,977246
112831314,2024-02-25 22:14:00+00:00,4286851,2848604,toybot,NF,646798
112831314,2024-02-25 22:14:00+00:00,4286851,9993348,ur cute,NF,971461
112831314,2024-02-25 22:14:00+00:00,4286851,13207763,Flameztear,NF,520271
112831314,2024-02-25 22:14:00+00:00,4286851,5033077,Zylice,NF,643220
112831314,2024-02-25 22:14:00+00:00,4286851,2758279,GENDER BENDER,NF,786140
112831314,2024-02-25 22:14:00+00:00,4286851,7948169,Altrax,NF,568994
112831314,2024-02-25 22:21:53+00:00,3334928,3328742,Trail Mix,DTNF,626501
112831314,2024-02-25 22:21:53+00:00,3334928,11405263,Fametime,DTNF,854538
112831314,2024-02-25 22:21:53+00:00,3334928,8802914,-Arko,DTNF,1081978
112831314,2024-02-25 22:21:53+00:00,3334928,7701428,Eunha,DTNF,1097046
112831314,2024-02-25 22:21:53+00:00,3334928,5033077,Zylice,DTNF,1034804
112831314,2024-02-25 22:21:53+00:00,3334928,2758279,GENDER BENDER,DTNF,828491
112831314,2024-02-25 22:21:53+00:00,3334928,13207763,Flameztear,DTNF,898037
112831314,2024-02-25 22:21:53+00:00,3334928,7948169,Altrax,DTNF,598781
112831314,2024-02-25 22:29:35+00:00,4361284,3328742,Trail Mix,HDHRNF,409162
112831314,2024-02-25 22:29:35+00:00,4361284,7701428,Eunha,HRNF,430997
112831314,2024-02-25 22:29:35+00:00,4361284,9993348,ur cute,HDNF,392163
112831314,2024-02-25 22:29:35+00:00,4361284,2848604,toybot,HDNF,392512
112831314,2024-02-25 22:29:35+00:00,4361284,5033077,Zylice,HDHRNF,434653
112831314,2024-02-25 22:29:35+00:00,4361284,2758279,GENDER BENDER,NF,559895
112831314,2024-02-25 22:29:35+00:00,4361284,7948169,Altrax,HRNF,361868
112831314,2024-02-25 22:29:35+00:00,4361284,7802400,ploot,HDNF,396789
112831314,2024-02-25 22:36:54+00:00,4352411,3328742,Trail Mix,HDHRNF,431671
112831314,2024-02-25 22:36:54+00:00,4352411,11405263,Fametime,HRNF,341319
112831314,2024-02-25 22:36:54+00:00,4352411,6303313,Mathyu,NF,546022
112831314,2024-02-25 22:36:54+00:00,4352411,2848604,toybot,HDNF,636070
112831314,2024-02-25 22:36:54+00:00,4352411,5033077,Zylice,HDHRNF,541753
112831314,2024-02-25 22:36:54+00:00,4352411,2758279,GENDER BENDER,NF,641929
112831314,2024-02-25 22:36:54+00:00,4352411,7802400,ploot,HDNF,1030621
112831314,2024-02-25 22:36:54+00:00,4352411,13207763,Flameztear,HRNF,377960
112831314,2024-02-25 22:42:57+00:00,2918146,2848604,toybot,NF,568017
112831314,2024-02-25 22:42:57+00:00,2918146,11405263,Fametime,NF,770631
112831314,2024-02-25 22:42:57+00:00,2918146,7701428,Eunha,NF,448428
112831314,2024-02-25 22:42:57+00:00,2918146,8802914,-Arko,NF,421257
112831314,2024-02-25 22:42:57+00:00,2918146,5033077,Zylice,NF,771798
112831314,2024-02-25 22:42:57+00:00,2918146,2758279,GENDER BENDER,NF,646985
112831314,2024-02-25 22:42:57+00:00,2918146,7948169,Altrax,NF,687534
112831314,2024-02-25 22:42:57+00:00,2918146,13207763,Flameztear,NF,847114
112831314,2024-02-25 22:48:20+00:00,3296392,2848604,toybot,NF,451075
112831314,2024-02-25 22:48:20+00:00,3296392,6303313,Mathyu,NF,367379
112831314,2024-02-25 22:48:20+00:00,3296392,8802914,-Arko,NF,329177
112831314,2024-02-25 22:48:20+00:00,3296392,7701428,Eunha,NF,332126
112831314,2024-02-25 22:48:20+00:00,3296392,5033077,Zylice,NF,411234
112831314,2024-02-25 22:48:20+00:00,3296392,2758279,GENDER BENDER,NF,609571
112831314,2024-02-25 22:48:20+00:00,3296392,7802400,ploot,NF,503973
112831314,2024-02-25 22:48:20+00:00,3296392,7948169,Altrax,NF,284480
112831314,2024-02-25 22:54:56+00:00,1633534,2848604,toybot,HRNF,422511
112831314,2024-02-25 22:54:56+00:00,1633534,3328742,Trail Mix,HRNF,525339
112831314,2024-02-25 22:54:56+00:00,1633534,9993348,ur cute,HRNF,419517
112831314,2024-02-25 22:54:56+00:00,1633534,8802914,-Arko,HRNF,469816
112831314,2024-02-25 22:54:56+00:00,1633534,5033077,Zylice,HRNF,610029
112831314,2024-02-25 22:54:56+00:00,1633534,2758279,GENDER BENDER,HRNF,461228
112831314,2024-02-25 22:54:56+00:00,1633534,13207763,Flameztear,HRNF,440388
112831314,2024-02-25 22:54:56+00:00,1633534,7948169,Altrax,HRNF,289112
112831314,2024-02-25 23:00:52+00:00,4386727,11405263,Fametime,NF,313962
112831314,2024-02-25 23:00:52+00:00,4386727,3328742,Trail Mix,NF,332513
112831314,2024-02-25 23:00:52+00:00,4386727,9993348,ur cute,HDNF,521137
112831314,2024-02-25 23:00:52+00:00,4386727,8802914,-Arko,NF,348780
112831314,2024-02-25 23:00:52+00:00,4386727,5033077,Zylice,NF,393808
112831314,2024-02-25 23:00:52+00:00,4386727,2758279,GENDER BENDER,NF,342452
112831314,2024-02-25 23:00:52+00:00,4386727,13207763,Flameztear,NF,373252
112831314,2024-02-25 23:00:52+00:00,4386727,7948169,Altrax,NF,265208
112831314,2024-02-25 22:08:09+00:00,3180896,3328742,Trail Mix,HDNF,503351
112831314,2024-02-25 22:08:09+00:00,3180896,11405263,Fametime,HDHRNF,629767
112831314,2024-02-25 22:08:09+00:00,3180896,7701428,Eunha,HRNF,638545
112831314,2024-02-25 22:08:09+00:00,3180896,8802914,-Arko,NF,563514
112831314,2024-02-25 22:08:09+00:00,3180896,13207763,Flameztear,HRNF,459003
112831314,2024-02-25 22:08:09+00:00,3180896,14097024,RhythmicRS,NF,547723
112831314,2024-02-25 22:08:09+00:00,3180896,2758279,GENDER BENDER,HDNF,626137
112831314,2024-02-25 22:08:09+00:00,3180896,5033077,Zylice,HDHRNF,582303
112929834,2024-03-04 03:18:26+00:00,4452659,11267857,Jimarrah,DTNF,696215
112929834,2024-03-04 03:18:26+00:00,4452659,4108547,WindowLife,DTNF,651818
112929834,2024-03-04 03:18:26+00:00,4452659,13586618,taro,DTNF,571228
112929834,2024-03-04 03:18:26+00:00,4452659,3149577,Coreanmaluco,DTNF,546912
112929834,2024-03-04 03:18:26+00:00,4452659,5477343,kurtis-,DTNF,615422
112929834,2024-03-04 03:18:26+00:00,4452659,5339515,Mathi,DTNF,1182137
112929834,2024-03-04 03:18:26+00:00,4452659,2590257,wudci,DTNF,878065
112929834,2024-03-04 03:18:26+00:00,4452659,4415285,El Condor Pasa,DTNF,301883
112929834,2024-03-04 03:25:00+00:00,4352411,8880920,ruyu,HDNF,429157
112929834,2024-03-04 03:25:00+00:00,4352411,8208289,conradmittn,NF,805598
112929834,2024-03-04 03:25:00+00:00,4352411,10051720,Saryi,HDHRNF,710149
112929834,2024-03-04 03:25:00+00:00,4352411,3149577,Coreanmaluco,HRNF,425302
112929834,2024-03-04 03:25:00+00:00,4352411,10634348,EthantrixV2,HDNF,367648
112929834,2024-03-04 03:25:00+00:00,4352411,5339515,Mathi,HRNF,612299
112929834,2024-03-04 03:25:00+00:00,4352411,5425046,Vespirit,EZNF,473364
112929834,2024-03-04 03:25:00+00:00,4352411,3737401,neuro,HRNF,489365
112929834,2024-03-04 03:31:19+00:00,3334928,4108547,WindowLife,DTNF,1134320
112929834,2024-03-04 03:31:19+00:00,3334928,13586618,taro,DTNF,514020
112929834,2024-03-04 03:31:19+00:00,3334928,3149577,Coreanmaluco,DTNF,1070180
112929834,2024-03-04 03:31:19+00:00,3334928,11267857,Jimarrah,DTNF,431912
112929834,2024-03-04 03:31:19+00:00,3334928,5477343,kurtis-,DTNF,1115431
112929834,2024-03-04 03:31:19+00:00,3334928,5339515,Mathi,DTNF,1164169
112929834,2024-03-04 03:31:19+00:00,3334928,5425046,Vespirit,DTNF,953638
112929834,2024-03-04 03:31:19+00:00,3334928,2590257,wudci,DTNF,1082507
112929834,2024-03-04 03:37:04+00:00,4361284,4108547,WindowLife,HRNF,475588
112929834,2024-03-04 03:37:04+00:00,4361284,8880920,ruyu,HDNF,631842
112929834,2024-03-04 03:37:04+00:00,4361284,3149577,Coreanmaluco,HRNF,452191
112929834,2024-03-04 03:37:04+00:00,4361284,13586618,taro,HRNF,475454
112929834,2024-03-04 03:37:04+00:00,4361284,10634348,EthantrixV2,HDNF,716263
112929834,2024-03-04 03:37:04+00:00,4361284,5339515,Mathi,HRNF,442171
112929834,2024-03-04 03:37:04+00:00,4361284,5425046,Vespirit,HDNF,358182
112929834,2024-03-04 03:37:04+00:00,4361284,2590257,wudci,HRNF,426352
112929834,2024-03-04 03:44:12+00:00,99094,8208289,conradmittn,DTNF,647867
112929834,2024-03-04 03:44:12+00:00,99094,10051720,Saryi,DTNF,582591
112929834,2024-03-04 03:44:12+00:00,99094,3149577,Coreanmaluco,DTNF,1182284
112929834,2024-03-04 03:44:12+00:00,99094,4108547,WindowLife,DTNF,1124702
112929834,2024-03-04 03:44:12+00:00,99094,5477343,kurtis-,DTNF,666435
112929834,2024-03-04 03:44:12+00:00,99094,5339515,Mathi,DTNF,649984
112929834,2024-03-04 03:44:12+00:00,99094,4415285,El Condor Pasa,DTNF,588457
112929834,2024-03-04 03:44:12+00:00,99094,2590257,wudci,DTNF,598290
112929834,2024-03-04 03:49:27+00:00,4246922,8208289,conradmittn,HDNF,529840
112929834,2024-03-04 03:49:27+00:00,4246922,10051720,Saryi,HDNF,493221
112929834,2024-03-04 03:49:27+00:00,4246922,8880920,ruyu,HDNF,455204
112929834,2024-03-04 03:49:27+00:00,4246922,4108547,WindowLife,HDNF,424308
112929834,2024-03-04 03:49:27+00:00,4246922,12796317,oPixay,HDNF,380707
112929834,2024-03-04 03:49:27+00:00,4246922,5339515,Mathi,HDNF,611572
112929834,2024-03-04 03:49:27+00:00,4246922,5425046,Vespirit,HDNF,574891
112929834,2024-03-04 03:49:27+00:00,4246922,10634348,EthantrixV2,HDNF,665942
112929834,2024-03-04 03:55:32+00:00,4386727,4108547,WindowLife,NF,343983
112929834,2024-03-04 03:55:32+00:00,4386727,8208289,conradmittn,NF,331118
112929834,2024-03-04 03:55:32+00:00,4386727,8880920,ruyu,HDNF,201640
112929834,2024-03-04 03:55:32+00:00,4386727,3149577,Coreanmaluco,NF,357395
112929834,2024-03-04 03:55:32+00:00,4386727,3737401,neuro,NF,282373
112929834,2024-03-04 03:55:32+00:00,4386727,10634348,EthantrixV2,HDNF,243367
112929834,2024-03-04 03:55:32+00:00,4386727,5425046,Vespirit,NF,280664
112929834,2024-03-04 03:55:32+00:00,4386727,5339515,Mathi,NF,346341
112929834,2024-03-04 03:04:01+00:00,3180896,4108547,WindowLife,HRNF,700211
112929834,2024-03-04 03:04:01+00:00,3180896,13586618,taro,HRNF,375737
112929834,2024-03-04 03:04:01+00:00,3180896,11267857,Jimarrah,HDNF,574571
112929834,2024-03-04 03:04:01+00:00,3180896,3149577,Coreanmaluco,HRNF,638263
112929834,2024-03-04 03:04:01+00:00,3180896,5425046,Vespirit,HDNF,673253
112929834,2024-03-04 03:04:01+00:00,3180896,5339515,Mathi,HRNF,666758
112929834,2024-03-04 03:04:01+00:00,3180896,2590257,wudci,HRNF,618301
112929834,2024-03-04 03:04:01+00:00,3180896,5477343,kurtis-,HRNF,683782
112929834,2024-03-04 03:10:18+00:00,2915338,4108547,WindowLife,HRNF,643275
112929834,2024-03-04 03:10:18+00:00,2915338,8208289,conradmittn,HRNF,362117
112929834,2024-03-04 03:10:18+00:00,2915338,10051720,Saryi,HRNF,437994
112929834,2024-03-04 03:10:18+00:00,2915338,3149577,Coreanmaluco,HRNF,478243
112929834,2024-03-04 03:10:18+00:00,2915338,2590257,wudci,HRNF,291588
112929834,2024-03-04 03:10:18+00:00,2915338,5339515,Mathi,HRNF,662507
112929834,2024-03-04 03:10:18+00:00,2915338,3737401,neuro,HRNF,442317
112929834,2024-03-04 03:10:18+00:00,2915338,4415285,El Condor Pasa,HRNF,310260
112800830,2024-02-24 03:01:49+00:00,3296392,10051720,Saryi,NF,386211
112800830,2024-02-24 03:01:49+00:00,3296392,8208289,conradmittn,NF,435545
112800830,2024-02-24 03:01:49+00:00,3296392,8880920,ruyu,NF,330923
112800830,2024-02-24 03:01:49+00:00,3296392,13586618,taro,NF,301698
112800830,2024-02-24 03:01:49+00:00,3296392,7802400,ploot,NF,478203
112800830,2024-02-24 03:01:49+00:00,3296392,5033077,Zylice,NF,440395
112800830,2024-02-24 03:01:49+00:00,3296392,4673649,-Schwarts,NF,393816
112800830,2024-02-24 03:01:49+00:00,3296392,2758279,GENDER BENDER,NF,338816
112800830,2024-02-24 03:09:33+00:00,1633534,10051720,Saryi,HRNF,472085
112800830,2024-02-24 03:09:33+00:00,1633534,8208289,conradmittn,HRNF,545808
112800830,2024-02-24 03:09:33+00:00,1633534,4108547,WindowLife,HRNF,547468
112800830,2024-02-24 03:09:33+00:00,1633534,3149577,Coreanmaluco,HRNF,402872
112800830,2024-02-24 03:09:33+00:00,1633534,13207763,Flameztear,HRNF,368414
112800830,2024-02-24 03:09:33+00:00,1633534,5033077,Zylice,HRNF,708598
112800830,2024-02-24 03:09:33+00:00,1633534,3898396,Bae Suzy,HRNF,251252
112800830,2024-02-24 03:09:33+00:00,1633534,2758279,GENDER BENDER,HRNF,395673
112800830,2024-02-24 03:18:44+00:00,4352411,10051720,Saryi,HDHRNF,567861
112800830,2024-02-24 03:18:44+00:00,4352411,8208289,conradmittn,NF,953251
112800830,2024-02-24 03:18:44+00:00,4352411,8880920,ruyu,HDNF,398235
112800830,2024-02-24 03:18:44+00:00,4352411,3149577,Coreanmaluco,HRNF,984693
112800830,2024-02-24 03:18:44+00:00,4352411,4673649,-Schwarts,EZNF,282463
112800830,2024-02-24 03:18:44+00:00,4352411,5033077,Zylice,HDNF,832657
112800830,2024-02-24 03:18:44+00:00,4352411,7802400,ploot,EZNF,332970
112800830,2024-02-24 03:18:44+00:00,4352411,13207763,Flameztear,HRNF,397801
112800830,2024-02-24 03:25:46+00:00,2915338,10051720,Saryi,HRNF,442559
112800830,2024-02-24 03:25:46+00:00,2915338,8208289,conradmittn,HRNF,483136
112800830,2024-02-24 03:25:46+00:00,2915338,4108547,WindowLife,HRNF,552007
112800830,2024-02-24 03:25:46+00:00,2915338,3149577,Coreanmaluco,HRNF,409156
112800830,2024-02-24 03:25:46+00:00,2915338,5033077,Zylice,HRNF,489067
112800830,2024-02-24 03:25:46+00:00,2915338,2758279,GENDER BENDER,HRNF,524086
112800830,2024-02-24 03:25:46+00:00,2915338,7948169,Altrax,HRNF,382684
112800830,2024-02-24 03:25:46+00:00,2915338,13207763,Flameztear,HRNF,339669
112800830,2024-02-24 03:34:00+00:00,4246922,10051720,Saryi,HDNF,584969
112800830,2024-02-24 03:34:00+00:00,4246922,8208289,conradmittn,HDNF,508592
112800830,2024-02-24 03:34:00+00:00,4246922,8880920,ruyu,HDNF,976855
112800830,2024-02-24 03:34:00+00:00,4246922,4108547,WindowLife,HDNF,578493
112800830,2024-02-24 03:34:00+00:00,4246922,5033077,Zylice,HDNF,1021524
112800830,2024-02-24 03:34:00+00:00,4246922,7802400,ploot,HDNF,388809
112800830,2024-02-24 03:34:00+00:00,4246922,2758279,GENDER BENDER,HDNF,616746
112800830,2024-02-24 03:34:00+00:00,4246922,4673649,-Schwarts,HDNF,412330
112800830,2024-02-24 03:39:40+00:00,3180896,3149577,Coreanmaluco,HRNF,617063
112800830,2024-02-24 03:39:40+00:00,3180896,4108547,WindowLife,HRNF,1080114
112800830,2024-02-24 03:39:40+00:00,3180896,11267857,Jimarrah,HDNF,642471
112800830,2024-02-24 03:39:40+00:00,3180896,13586618,taro,HRNF,493847
112800830,2024-02-24 03:39:40+00:00,3180896,5033077,Zylice,HDHRNF,657888
112800830,2024-02-24 03:39:40+00:00,3180896,13207763,Flameztear,HRNF,649669
112800830,2024-02-24 03:39:40+00:00,3180896,2758279,GENDER BENDER,HDNF,493470
112800830,2024-02-24 03:39:40+00:00,3180896,14097024,RhythmicRS,HRNF,488660
112913789,2024-03-03 02:11:23+00:00,3180896,5425046,Vespirit,HDNF,963170
112913789,2024-03-03 02:11:23+00:00,3180896,5339515,Mathi,HRNF,931031
112913789,2024-03-03 02:11:23+00:00,3180896,2590257,wudci,HRNF,1017183
112913789,2024-03-03 02:11:23+00:00,3180896,5477343,kurtis-,HRNF,630522
112913789,2024-03-03 02:11:23+00:00,3180896,13207763,Flameztear,HRNF,485537
112913789,2024-03-03 02:11:23+00:00,3180896,7948169,Altrax,NF,437546
112913789,2024-03-03 02:11:23+00:00,3180896,5033077,Zylice,HDNF,661577
112913789,2024-03-03 02:11:23+00:00,3180896,2758279,GENDER BENDER,HDHRNF,619441
112913789,2024-03-03 02:17:43+00:00,3296392,5425046,Vespirit,NF,402845
112913789,2024-03-03 02:17:43+00:00,3296392,10634348,EthantrixV2,NF,367430
112913789,2024-03-03 02:17:43+00:00,3296392,4415285,El Condor Pasa,NF,340504
112913789,2024-03-03 02:17:43+00:00,3296392,2590257,wudci,NF,384124
112913789,2024-03-03 02:17:43+00:00,3296392,5033077,Zylice,NF,460182
112913789,2024-03-03 02:17:43+00:00,3296392,4673649,-Schwarts,NF,271430
112913789,2024-03-03 02:17:43+00:00,3296392,7802400,ploot,NF,452580
112913789,2024-03-03 02:17:43+00:00,3296392,2758279,GENDER BENDER,NF,454104
112913789,2024-03-03 02:25:01+00:00,3334928,5425046,Vespirit,DTNF,739032
112913789,2024-03-03 02:25:01+00:00,3334928,5477343,kurtis-,DTNF,1019296
112913789,2024-03-03 02:25:01+00:00,3334928,5339515,Mathi,DTNF,722647
112913789,2024-03-03 02:25:01+00:00,3334928,2590257,wudci,DTNF,1061294
112913789,2024-03-03 02:25:01+00:00,3334928,5033077,Zylice,DTNF,1056255
112913789,2024-03-03 02:25:01+00:00,3334928,13207763,Flameztear,DTNF,564356
112913789,2024-03-03 02:25:01+00:00,3334928,7948169,Altrax,DTNF,712659
112913789,2024-03-03 02:25:01+00:00,3334928,2758279,GENDER BENDER,DTNF,1108398
112913789,2024-03-03 02:31:36+00:00,2915338,4415285,El Condor Pasa,HRNF,416816
112913789,2024-03-03 02:31:36+00:00,2915338,5477343,kurtis-,HRNF,347508
112913789,2024-03-03 02:31:36+00:00,2915338,5339515,Mathi,HRNF,1022180
112913789,2024-03-03 02:31:36+00:00,2915338,2590257,wudci,HRNF,368623
112913789,2024-03-03 02:31:36+00:00,2915338,5033077,Zylice,HRNF,596929
112913789,2024-03-03 02:31:36+00:00,2915338,13207763,Flameztear,HRNF,231839
112913789,2024-03-03 02:31:36+00:00,2915338,7948169,Altrax,HRNF,357829
112913789,2024-03-03 02:31:36+00:00,2915338,2758279,GENDER BENDER,HRNF,498172
112913789,2024-03-03 02:39:57+00:00,4452659,4415285,El Condor Pasa,DTNF,533434
112913789,2024-03-03 02:39:57+00:00,4452659,5477343,kurtis-,DTNF,621437
112913789,2024-03-03 02:39:57+00:00,4452659,5339515,Mathi,DTNF,801503
112913789,2024-03-03 02:39:57+00:00,4452659,2590257,wudci,DTNF,1130932
112913789,2024-03-03 02:39:57+00:00,4452659,5033077,Zylice,DTNF,1057503
112913789,2024-03-03 02:39:57+00:00,4452659,7948169,Altrax,DTNF,317229
112913789,2024-03-03 02:39:57+00:00,4452659,13207763,Flameztear,DTNF,576856
112913789,2024-03-03 02:39:57+00:00,4452659,2758279,GENDER BENDER,DTNF,632680
112913789,2024-03-03 02:47:27+00:00,4036151,4415285,El Condor Pasa,HDNF,374819
112913789,2024-03-03 02:47:27+00:00,4036151,5339515,Mathi,HDNF,681018
112913789,2024-03-03 02:47:27+00:00,4036151,5425046,Vespirit,HDNF,610506
112913789,2024-03-03 02:47:27+00:00,4036151,10634348,EthantrixV2,HDNF,1032336
112913789,2024-03-03 02:47:27+00:00,4036151,5033077,Zylice,HDNF,996394
112913789,2024-03-03 02:47:27+00:00,4036151,7802400,ploot,HDNF,561898
112913789,2024-03-03 02:47:27+00:00,4036151,2758279,GENDER BENDER,HDNF,441683
112913789,2024-03-03 02:47:27+00:00,4036151,4673649,-Schwarts,HDNF,1003129
112913789,2024-03-03 02:54:42+00:00,3472926,2590257,wudci,NF,542906
112913789,2024-03-03 02:54:42+00:00,3472926,5339515,Mathi,NF,486817
112913789,2024-03-03 02:54:42+00:00,3472926,5425046,Vespirit,NF,323008
112913789,2024-03-03 02:54:42+00:00,3472926,12796317,oPixay,NF,508993
112913789,2024-03-03 02:54:42+00:00,3472926,5033077,Zylice,NF,653198
112913789,2024-03-03 02:54:42+00:00,3472926,13207763,Flameztear,NF,308629
112913789,2024-03-03 02:54:42+00:00,3472926,2758279,GENDER BENDER,NF,382681
112913789,2024-03-03 02:54:42+00:00,3472926,7948169,Altrax,NF,349475
