CBT,105988619
CBT,105988619
o!mm Ranked,105989604
5WC23VN,105989677
ETX,105989707
5WC23VN,105989905
RAT2,105989999
o!mm Ranked,105990148
ETX,105990439
o!mm Ranked,105990627
5WC23VN,105990634
ETX Teams,105990736
ETX,105990788
ETX Teams,105990793
ETX,105990975
ETX Teams,105991129
1v1 pt 2,105991253
ETX,105991472
ETX,105991539
o!mm Ranked,105991548
ETX,105991550
ETX,105991798
ETX,105991804
ETX,105991905
o!mm Ranked,105992152
ETX,105992340
ETX Teams,105992397
ETX,105992527
o!mm Ranked,105992606
MP5S17,105992672
AR11,105992731
o!mm Ranked,105992734
WDTWE,105992778
DC S9,105992802
ETX,105992815
5WC23VN,105992833
ETX,105992918
ETX Teams,105992923
ETX,105996062
AR11,105996095
5WCFR2023,105996148
MDDC,105993317
MDDC,105993347
ETX,105993348
5WC23VN,105993368
ETX Teams,105996222
ETX,105993388
SFC,105993413
MTH,105996256
ETX,105996277
1v1 pt 2,105993551
ETX,105993563
ETX,105996456
MP5 S17,105993633
5WCFR2023,105993661
o!mm Private,105996542
ETX,105993700
[Tryouts],105993744
ETX Teams,105996602
SFC,105993777
o!mm Private,105993804
SFC,105993809
ETX Teams,105996655
o!mm Ranked,105996666
ETX,105993847
ETX,105994006
o!mm Private,105996850
ETX,105996858
TMT,105994118
DC S9,105994143
DC S9,105994165
o!mm Private,105994166
1v1 pt 2,105994175
MTO,105994179
ETX,105994193
TMT,105994194
DC S9,105994195
DC S9,105994198
MDDC,105994205
o!mm Private,105997025
ETX,105994259
5wcUK,105994263
5WC23VN,105994264
DC S9,105994287
SFC,105994326
o!mm Ranked,105997195
ETX Teams,105997226
5WCBYTR,105997309
SFC,105994478
ETX,105999114
ETX,105999195
o!mm Ranked,105999332
5WC23VN,105997571
o!mm Ranked,105999370
ETX Teams,105997678
ETX Teams,105997682
ETX,105994841
ETX,105994857
5WC23VN,105994861
ETX Teams,105997772
TMT,105994969
TMT,105995079
TMT,105995080
1v1 pt 2,105995155
AR11,105999809
5WC23VN,105995170
ETX,105995176
MDDC,105995207
NB,105999881
WHCS23,105999908
ETX,105995257
ETX,105995347
megacup,105995361
megacup,105995375
5wcUK,105998286
1v1 pt 2,105995417
ETX Teams,105998294
JOC,105998320
MOTD,105998321
IT,106000169
o!mm Ranked,105995533
o!mm Private,105995577
ETX Teams,105995587
5WCFR2023,106000356
o!mm Ranked,106000426
AR11,106000428
ETX,105995756
CBT,106000450
ETX Teams,106000543
ETX Teams,105995884
ETX Teams,106000584
ETX Teams,105998811
o!mm Private,105995949
ETX,105998895
o!mm Ranked,105998942
o!mm Ranked,106000696
WCCUK,106000920
o!1v1,106001097
o!1v1,106001102
ETX,106001158
ETX,106001204
5wcUK,106001408
o!mm Private,106001895
o!mm Private,106002259
ETX,106002261
o!mm Ranked,106051011
CBT,106002285
OSC,106051028
ETX Teams,106075511
MDDC,106051146
5WCFR2023,106002440
FBC,106026841
ETX Teams,106051207
ETX,106026853
ETX,106051245
5WCFR2023,106002538
5WC23VN,106051283
o!mm Ranked,106051362
5WC,106027035
ETX Teams,106075511
TRTTL,106002700
ETX,106002815
o!mm Private,106051705
ETX,106002988
5wcfr2023,106003020
MTO,106051820
ETX,106027469
ETX,106027495
ETX,106003149
o!mm Private,106051988
o!mm Ranked,106052070
ETX,106003397
ETX,106027766
ETX,106003440
ETX,106003454
FGST,106052300
o!mm Ranked,106052380
(ONEVONE),106003704
o!mm Private,106028066
o!mm Private,106052485
1v1 pt 2,106052499
5DHK Tryout,106028217
o!mm Private,106052738
OSC,106052747
o!mm Ranked,106028422
o!mm Ranked,106052976
MTO,106028668
o!mm Private,106004489
ETX,106053272
o!mm Private,106004686
o!mm Ranked,106029033
5WCFR2023,106004843
ETX,106053523
ETX,106004858
o!mm Ranked,106029170
5WCBYTR,106053616
ETX,106004991
BLB23,106053848
ETX,106005237
ETX Teams,106053925
o!mm Private,106053966
ETX,106054146
5WCBYTR,106054173
ETX,106054206
ETX,106029809
ETX,106029952
o!mm Private,106054406
ETX,106030010
ETX,106054583
ETX,106030267
ETX,106030360
ETX Teams,106006134
ETX,106054838
ETX,106054934
ETX,106030548
ETX,106030578
ETX,106055002
ETX,106030709
WHCS23,106030729
o!mm Private,106055167
o!mm Team Private,106006557
[Tryouts],106055292
ETX,106055316
o!mm Ranked,106030985
ETX Teams,106030991
ETX Teams,106055382
[Tryouts],106055386
5WC23VN,106006791
[Tryouts],106055403
RAT2,106031041
[Tryouts],106055419
[Tryouts],106055434
o!mm Team Private,106006829
ETX Teams,106006832
ETX,106031101
o!mm Ranked,106055519
WHCS23,106055597
o!mm Ranked,106031240
ETX,106055616
ETX,106031258
ETX Teams,106031293
ETX,106055667
o!mm Ranked,106007053
ETX,106007076
ETX,106031327
OSC,106031351
WHCS23,106031380
MOTD,106055769
RW4AT,106031416
5dops tryouts canada,106007220
ETX,106031592
ETX,106007355
ETX Teams,106031608
ETX Teams,106056023
ETX,106056092
ETX,106031794
ETX Teams,106031899
ETX,106031955
ETX,106056374
ETX Teams,106032020
ETX,106007808
ETX Teams,106032131
ETX Teams,106032144
ETX,106007932
MDDC,106032192
ETX,106032254
ETX Teams,106032277
ETX,106032279
o!mm Private,106032311
WHCS23,106056661
ETX Teams,106032390
ETX Teams,106032542
ETX,106056899
ETX Teams,106056970
ETX,106032681
ETX Teams,106032708
o!mm Ranked,106008602
ETX,106057189
ETX,106008664
o!mm Ranked,106032970
ETX,106057372
ETX,106057450
MDDC,106033132
SBT,106033196
ETX,106033242
ETX,106033337
o!mm Ranked,106057783
ETX,106033537
o!mm Ranked,106057971
ETX,106033629
ETX,106009430
ETX Teams,106058084
ETX Teams,106058089
o!mm Ranked,106058090
5WC23VN,106009594
BLB23,106058712
o!mm Ranked,106034338
o!mm Private,106058773
ETX,106034406
ETX,106010297
o!mm Ranked,106034598
o!mm Ranked,106059002
ETX Teams,106059019
ETX,106010521
ETX,106034781
o!mm Team Private,106059168
ETX,106059308
o!mm Ranked,106034913
ETX,106059342
o!mm Ranked,106010806
o!mm Ranked,106035106
ETX,106010903
ETX,106010999
ETX,106035228
o!mm Team Private,106059704
ETX,106011091
5WCFR2023,106011159
o!mm Ranked,106011319
ETX,106059964
ETX,106011344
ETX,106060018
o!mm Team Private,106060071
ETX Teams,106035680
ETX,106011490
o!mm Ranked,106060207
ETX Teams,106060216
5WCFR2023,106011646
ETX,106011694
ETX,106011724
ETX,106011741
o!mm Private,106035973
o!mm Ranked,106035988
[Tryouts],106035998
ETX,106036031
OSC,106011834
MDDC,106011898
ETX,106011933
o!mm Private,106036162
DC S9,106011970
ETX Teams,106060681
PDT,106012108
ETX,106060755
5DHK Tryout,106036359
SGWOS Tryout,106012202
o!mm Ranked,106036429
o!mm Team Private,106036470
SGWOS Tryout,106012288
ETX Teams,106036497
OGNT,106012305
megacup,106012324
DC S9,106012329
5WCFR2023,106012446
ETX Teams,106061096
ETX Teams,106061273
SSS,106036880
o!mm Private,106036894
DC S9,106012704
ETX Teams,106061349
ETX Teams,106037030
MOTD,106037124
o!mm Ranked,106037144
ETX,106013032
ETX,106061702
o!mm Ranked,106037421
ETX Teams,106075511
ETX,106037473
MČSR23,106075536
o!mm Ranked,106037538
ETX,106061935
ETX Teams,106075642
JOC,106037585
ETX,106013452
ETX Teams,106061997
ETX,106062020
WCCDE,106013514
MDDC,106013572
5WCBYTR,106013577
JOC,106075788
o!mm Private,106037744
o!mm Private,106075867
o!mm Ranked,106075963
JOC,106076010
AAAH,106076182
o!mm Ranked,106013744
1v1 pt 2,106013760
o!mm Private,106037744
o!mm Ranked,106013834
o!mm Private,106076372
1v1 pt 2,106013846
o!mm Ranked,106037846
o!mm Private,106013907
o!mm Ranked,106013913
ETX,106062208
ETX,106037939
WHCS23,106037960
o!mm Ranked,106013996
o!mm Ranked,106076532
o!mm Ranked,106062268
o!mm Ranked,106062281
ETX,106062305
ETX,106062330
o!mm Private,106076617
o!mm Private,106062348
5DHK Tryout,106014121
o!mm Private,106062436
MOT2,106076774
ETX,106062569
o!mm Private,106076884
ETX,106062628
o!mm Private,106014384
o!mm Private,106014507
o!mm Ranked,106038487
ETX,106077051
ETX,106038509
o!mm Ranked,106014535
ETX,106077121
o!mm Ranked,106077192
o!mm Private,106077265
5WC23VN,106014762
o!mm Ranked,106077321
ETX,106077327
o!v,106038782
o!mm Private,106077363
o!mm Ranked,106014846
ETX,106077435
FAD,106038903
JOC,106077498
ETX,106014993
AAAH,106063315
AAAH,106039064
ETX,106077617
KOI,106077633
o!mm Ranked,106015160
o!mm Ranked,106063454
o!mm Private,106015206
OPS Tryout,106039272
ETX,106077815
o!mm Private,106077845
o!mm Ranked,106039338
ETX,106015575
ETX,106078110
ETX Teams,106078131
MapRNG,106063975
o!mm Private,106015766
HWT,106039902
HWT,106039924
WHCS23,106015949
o!mm Ranked,106064217
ETX,106016013
ETX,106040069
o!mm Private,106016093
o!mm Private,106040174
ETX,106078713
WHCS23,106040299
ETX,106016344
o!mm Ranked,106016347
o!mm Private,106040422
RAT2,106064671
o!ECT2,106016444
ETX,106016495
JOC,106079008
ETX,106016501
o!mm Ranked,106040553
WHCS23,106016614
ETX,106064873
ETX,106040648
o!mm Ranked,106079200
ETX,106064983
ETX,106079256
BLB23,106040755
ETX Teams,106016824
ETX,106016924
ETX,106065225
ETX,106017024
ETX,106017050
JOC,106079616
ETX,106041111
ETX Teams,106079630
ETX,106041197
o!mm Private,106041213
o!mm Private,106017249
JOC,106079791
o!mm Ranked,106065630
ETX Teams,106079896
ETX,106065681
WHCS23,106017492
o!mm Private,106017497
JOC,106079984
o!mm Ranked,106080003
ETX,106041510
JOC,106080099
ETX,106017627
o!mm Private,106017635
MOTD,106017671
ETX Teams,106080143
ETX Teams,106080160
o!mm Ranked,106066010
o!mm Ranked,106066036
ETX,106066080
PMWT,106017788
o!mm Team Private,106017794
SKSH,106041960
WHCS23,106041992
SKSH,106041994
ETX,106017983
AT,106080533
ETX Teams,106080552
ETX,106066374
ETX,106066456
o!mm Ranked,106042233
WCCDE,106080721
o!mm Private,106018263
ETX,106066633
ETX,106066637
ETX,106066691
ETX,106018364
o!mm Ranked,106042553
ETX,106066803
ETX,106081063
5WCFR2023,106018531
o!mm Ranked,106081112
o!mm Private,106018551
SMST,106018658
o!mm Private,106018667
ETX,106018755
CBT,106018758
o!mm Private,106042900
ETX,106081342
ETX,106018809
ETX Teams,106081474
megacup,106081592
ETX,106018942
ETX,106081617
o!mm Ranked,106043237
ETX,106081664
SGWOS,106067522
o!mm Ranked,106067531
WHCS23,106019074
ETX,106019104
o!mm Private,106067678
ETX,106067701
o!mm Ranked,106067728
ETX,106081972
ETX,106067755
ETX,106019394
RAT2,106067847
ETX,106082078
ETX,106067885
o!mm Private,106067899
ETX,106067948
AAAH,106019517
ETX,106019532
o!mm Ranked,106068023
o!mm Private,106019711
ETX,106068148
ETX,106019782
o!mm Private,106068328
AAAH,106082850
ETX,106068641
o!mm Private,106020267
o!mm Ranked,106068737
MTO,106069002
o!mm Ranked,106044863
MTO,106069012
BBC,106069042
o!mm Ranked,106044931
BBC,106069110
BBC,106069131
ETX,106020734
ETX,106083417
ANZ9W,106083560
ETX,106069332
ANZT9W,106083569
TRTTL,106021030
ETX,106083753
CC9C,106021218
o!mm Ranked,106083923
RAT2,106069676
ETX,106069759
ETX,106069810
ETX,106069838
ETX,106045639
ETX,106021479
AR11,106084158
AR11,106084234
AT,106045827
ETX,106045835
ETX,106045837
ETX,106084315
ETX,106084335
ETX,106045895
ETX,106021675
BBC,106070100
ETX,106021679
o!mm Private,106021718
ETX,106021773
o!mm Ranked,106070288
BBC,106070331
AAAH,106021943
ETX,106021984
o!mm Private,106084688
BSI2,106046276
ETX,106070540
o!mm Private,106084843
BBC,106070578
o!mm Private,106070651
o!mm Private,106022243
MTO,106070691
ETX Teams,106070732
ETX,106022396
o!mm Ranked,106070826
ETX Teams,106070841
ETX,106046727
ETX,106071022
o!mm Private,106022614
MTO,106071096
o!mm Team Private,106071138
DPDR,106071230
ETX,106047076
ETX,106085535
o!mm Ranked,106022857
ETX Teams,106071284
5WC,106022908
ETX,106022911
o!mm Private,106085713
5WCFR2023,106023051
5WCBYTR,106085747
o!mm Private,106047326
ETX,106085776
ETX,106047355
ETX,106047391
o!mm Ranked,106047435
o!mm Private,106085942
RST,106071663
ETX,106047556
ETX,106071716
o!mm Team Private,106023347
(whiteducks shitfest),106047635
ETX,106023439
ETX,106047712
megacup,106071872
BBC,106071882
OF,106086214
5WCBYTR,106086390
ETX,106072265
ETX Teams,106072292
ETX,106072293
o!mm Ranked,106048200
1v1 pt 2,106072336
o!mm Private,106086539
BBC,106086553
ETX,106072426
5DPH Tryout,106086568
o!mm Ranked,106048312
ANZT9W,106024110
ETX,106024142
SGWOS,106086651
ETX,106072561
WHCS23,106072569
o!mm Private,106086797
ETX,106024331
o!mm Ranked,106086900
ETX,106072770
BBC,106072791
ETX,106048679
5WCFR2023,106072806
ETX,106072808
ETX,106072908
o!mm Ranked,106048860
PMWT,106072968
ETX,106024608
ETX,106024640
ETX,106073007
BBC,106087157
ETX,106087168
5DPH Tryout,106087174
ETX,106024669
ETX,106087202
SGWOS,106087205
SGWOS,106087241
o!mm Private,106073068
o!mm Private,106048983
o!mm Private,106048986
o!mm Ranked,106024791
ETX,106073151
ETX,106087365
BFST,106024871
WHCS23,106073200
ETX,106024906
ETX,106024914
ANZT9W,106087488
o!mm Private,106049207
AUS,106025016
o!mm Private,106049228
ETX,106087570
ETX,106073396
o!mm Private,106073429
o!mm Private,106087636
o!mm Ranked,106049349
AT,106087670
ETX,106025202
5DPH Tryout,106087732
ETX,106087733
o!mm Ranked,106087754
WHCS23,106073635
WHCS23,106073638
WHCS23,106073639
WHCS23,106073640
ETX,106073648
o!mm Private,106087834
ETX,106073654
ETX,106049542
Freundschaftsspiele,106087891
ETX,106025392
ETX,106049671
o!mm Private,106073814
o!mm Ranked,106049689
ETX,106049728
BBC,106073874
o!mm Ranked,106049738
ETX Teams,106073908
BBC,106073913
WHCS23,106074041
ETX,106088216
ETX,106025732
o!mm Private,106049931
ETX,106049941
o!mm Private,106074095
o!mm Private,106049953
TGWD,106088270
ETX,106074113
sCL,106025783
o!mm Ranked,106088288
ETX,106088329
BBC,106074209
o!mm Ranked,106088438
ETX,106088445
ETX Teams,106074277
ETX,106074281
o!mm Private,106050162
ETX,106050180
BBC,106088524
5wc try outs,106074387
o!mm Private,106050321
OPS Tryout,106074453
JOC,106088646
ETX,106050383
o!mm Ranked,106074549
ETX,106088697
ETX Teams,106074566
WCCDE,106074587
ETX,106050473
ETX,106074605
o!mm Ranked,106088762
ETX,106074699
ETX,106050577
ETX Teams,106050614
BBC,106074750
MOTD,106074754
MČSR23,106074815
ETX Teams,106074838
o!mm Ranked,106050742
SBT,106050812
o!mm Ranked,106074939
AT,106089112
ST,106089159
BBC,106089183
ETX,106089246
PMWT,106075237
FBC,106075341
5WC23VN,106089570
o!mm Ranked,106075478
5WC2023,106089732
FGST,106089835
o!mm Private,106089842
MFCO,106089900
SBT,106089917
BBC,106089976
SBT,106090040
MFCO,106090051
5WC Training,106090180
o!mm Private,106090186
ETX,106090479
o!mm Private,106090569
